"Laps","Time","Cumulative Time","Distance","Avg HR","Max HR","Total Ascent","Total Descent","Avg Run Cadence","Avg Stride Length","Calories","Max Run Cadence","Time_seconds","Zones","Month"
1,"13:31","13:31",2.41,116,142,37,34,178,1,174,211,811,"Z1","January"
2,"5:51.1","19:22",1.51,148,160,0,4,184,1,95,192,351.1,"Z2","January"
3,"5:49.3","25:12",1.52,155,164,0,0,184,1,98,192,349.3,"Z2","January"
4,"0:00.7","25:12",0.01,165,165,0,0,181,3,1,183,0.7,"Z3","January"
5,"5:51.2","31:03",1.51,158,169,0,0,185,1,100,194,351.2,"Z3","January"
6,"5:49.5","36:53",1.52,161,173,0,0,182,1,101,189,349.5,"Z3","January"
7,"19:42","56:35",3.07,137,173,94,82,169,0,236,187,1182,"Z1","January"
1,"25:04","25:04",3.81,111,122,65,61,175,0,277,186,1504,"Z1","January"
1,"35:06","35:06",5,134,153,200,33,175,0,470,192,2106,"Z1","January"
2,"28:13","1:03:19",4.81,134,153,16,178,178,0,363,207,1693,"Z1","January"
1,"27:34","27:34",5,123,136,15,38,179,1,372,192,1654,"Z1","January"
2,"28:28","56:03",5,130,138,9,4,177,0,390,184,1708,"Z1","January"
3,"29:40","1:25:43",5,133,147,48,29,175,0,401,184,1780,"Z1","January"
4,"6:01.9","1:31:44",1,135,147,20,15,168,0,83,184,361.9,"Z1","January"
1,"27:33","27:33",5,125,137,15,41,179,1,376,200,1653,"Z1","January"
2,"27:14","54:47",5,133,148,34,17,178,1,384,186,1634,"Z1","January"
3,"1:00.3","55:47",0.18,151,152,11,0,177,0,17,186,60.3,"Z2","January"
1,"28:26","28:26",5,129,166,37,32,178,0,375,188,1706,"Z1","January"
2,"27:23","55:49",5,130,139,13,18,178,1,369,187,1643,"Z1","January"
3,"11:40","1:07:29",2.21,137,143,5,7,178,1,167,185,700,"Z1","January"
1,"10:17","10:17",1.77,125,151,12,27,169,1,137,198,617,"Z1","January"
2,"0:34.2","10:51",0.15,141,153,0,2,185,1,9,192,34.2,"Z1","January"
3,"0:51.6","11:43",0.16,151,156,0,0,171,1,15,183,51.6,"Z2","January"
4,"0:33.6","12:16",0.14,146,158,0,0,185,1,9,194,33.6,"Z2","January"
5,"1:36.5","13:53",0.28,142,162,8,8,168,1,25,189,96.5,"Z1","January"
6,"3:52.1","17:45",1,147,163,1,0,185,1,64,192,232.1,"Z2","January"
7,"3:51.1","21:36",0.99,157,164,0,0,185,1,66,194,231.1,"Z2","January"
8,"3:50.5","25:27",1.01,159,168,0,1,182,1,67,192,230.5,"Z3","January"
9,"3:44.2","29:11",1,162,171,5,5,183,1,66,192,224.2,"Z3","January"
10,"3:48.0","32:59",1.01,163,173,0,0,181,1,69,190,228,"Z3","January"
11,"12:58","45:57",2.41,142,173,30,17,173,1,176,226,778,"Z1","January"
1,"9:19.5","9:19.5",1.54,123,133,3,6,169,0,125,192,559.5,"Z1","January"
1,"0:55.6","0:55.6",0.24,121,145,0,0,170,1,12,196,55.6,"Z1","January"
2,"18:27","19:22",4.76,164,176,15,19,183,1,338,191,1107,"Z3","January"
1,"14:29","14:29",2.58,124,136,18,28,176,1,198,190,869,"Z1","January"
2,"0:01.9","14:31",0,134,134,0,0,180,0,0,180,1.9,"Z1","January"
3,"5:01.5","19:33",1,135,140,5,7,182,1,77,189,301.5,"Z1","January"
4,"4:57.4","24:30",1,132,134,28,12,181,1,72,187,297.4,"Z1","January"
5,"5:06.1","29:36",1,136,142,43,54,181,1,76,188,306.1,"Z1","January"
6,"4:59.5","34:36",1,138,140,14,19,180,1,76,184,299.5,"Z1","January"
7,"5:20.7","39:56",1,137,142,7,0,179,1,77,186,320.7,"Z1","January"
8,"2:07.5","42:04",0.41,138,141,0,6,178,1,31,181,127.5,"Z1","January"
9,"5:32.9","47:37",1,127,138,2,0,179,1,72,185,332.9,"Z1","January"
10,"5:38.0","53:15",1,129,139,0,1,176,1,78,185,338,"Z1","January"
11,"5:40.8","58:56",1,127,134,51,23,180,0,77,189,340.8,"Z1","January"
12,"5:56.2","1:04:52",1,127,130,19,32,181,0,84,191,356.2,"Z1","January"
13,"5:24.2","1:10:16",1,129,133,17,31,181,1,74,188,324.2,"Z1","January"
14,"5:44.5","1:16:01",1,127,135,17,18,180,0,82,189,344.5,"Z1","January"
15,"5:07.7","1:21:08",1,135,139,17,10,179,1,68,186,307.7,"Z1","January"
16,"5:36.1","1:26:44",1,133,142,6,5,175,1,72,190,336.1,"Z1","January"
17,"2:00.6","1:28:45",0.25,130,136,3,0,127,0,26,184,120.6,"Z1","January"
1,"6:05.6","6:05.6",1,129,144,13,13,175,0,79,189,365.6,"Z1","January"
2,"4:45.3","10:51",1,134,148,2,3,181,1,71,192,285.3,"Z1","January"
3,"9:11.1","20:02",1,123,153,7,5,110,0,93,188,551.1,"Z1","January"
4,"0:58.1","21:00",0.17,150,151,0,0,175,1,14,179,58.1,"Z2","January"
5,"0:37.0","21:37",0.2,153,161,0,9,191,1,11,196,37,"Z2","January"
6,"1:04.1","22:41",0.21,159,163,0,0,177,1,18,194,64.1,"Z3","January"
7,"0:38.3","23:20",0.2,157,165,0,0,192,1,12,198,38.3,"Z2","January"
8,"0:59.9","24:19",0.2,162,167,2,0,176,1,17,192,59.9,"Z3","January"
9,"0:38.4","24:58",0.21,160,165,9,0,191,1,12,196,38.4,"Z3","January"
10,"1:11.3","26:09",0.21,161,168,0,5,172,1,20,190,71.3,"Z3","January"
11,"2:05.9","28:15",0.6,154,172,3,8,177,1,33,200,125.9,"Z2","January"
12,"2:09.7","30:25",0.6,159,172,9,3,181,1,38,196,129.7,"Z3","January"
13,"0:01.1","30:26",0.01,170,170,0,0,181,1,1,181,1.1,"Z3","January"
14,"2:08.4","32:34",0.6,159,172,0,7,184,1,36,198,128.4,"Z3","January"
15,"2:08.8","34:43",0.61,162,174,10,3,185,1,38,196,128.8,"Z3","January"
16,"2:09.7","36:53",0.6,162,175,0,0,181,1,37,196,129.7,"Z3","January"
17,"2:08.1","39:01",0.6,163,178,9,7,180,1,38,193,128.1,"Z3","January"
18,"5:24.3","44:25",1,147,178,0,3,175,1,77,186,324.3,"Z2","January"
19,"5:48.7","50:14",1,155,161,4,7,173,0,88,184,348.7,"Z2","January"
20,"3:28.6","53:43",0.51,143,155,11,6,152,0,42,179,208.6,"Z1","January"
1,"6:32.8","6:32.8",1,112,119,9,11,177,0,76,184,392.8,"Z1","January"
2,"5:50.6","12:23",1,116,125,4,0,177,0,73,190,350.6,"Z1","January"
3,"5:33.5","17:57",1,122,128,0,4,181,0,75,188,333.5,"Z1","January"
4,"5:34.4","23:31",1,126,131,13,4,179,1,76,185,334.4,"Z1","January"
5,"5:34.8","29:06",1,126,134,0,6,173,1,73,183,334.8,"Z1","January"
6,"5:31.1","34:37",1,134,139,3,3,179,1,78,185,331.1,"Z1","January"
7,"5:41.0","40:18",1,136,142,0,0,177,1,82,186,341,"Z1","January"
8,"5:34.3","45:53",1,136,144,8,5,178,1,79,184,334.3,"Z1","January"
9,"5:35.8","51:28",1,138,141,0,0,177,1,78,184,335.8,"Z1","January"
10,"5:44.0","57:12",1,142,146,8,7,177,0,83,182,344,"Z1","January"
11,"5:35.9","1:02:48",1,145,148,7,8,178,1,83,186,335.9,"Z2","January"
12,"1:22.2","1:04:10",0.24,148,150,0,3,176,1,21,181,82.2,"Z2","January"
1,"5:55.8","5:55.8",1,119,127,15,19,178,0,77,189,355.8,"Z1","January"
2,"5:48.1","11:44",1,124,130,1,0,176,0,79,189,348.1,"Z1","January"
3,"5:34.6","17:18",1,125,128,3,0,178,1,77,183,334.6,"Z1","January"
4,"5:49.2","23:08",1,124,129,0,5,176,0,76,181,349.2,"Z1","January"
5,"5:42.5","28:50",1,125,134,19,17,172,1,73,182,342.5,"Z1","January"
6,"5:41.0","34:31",1,127,130,0,12,177,1,73,183,341,"Z1","January"
7,"5:34.5","40:06",1,132,136,15,4,177,1,75,180,334.5,"Z1","January"
8,"5:31.6","45:37",1,132,138,3,5,176,1,77,183,331.6,"Z1","January"
9,"0:59.3","46:37",0.17,130,135,6,0,173,1,13,176,59.3,"Z1","January"
1,"6:16.3","6:16.3",1,105,119,11,2,167,0,70,187,376.3,"Z1","January"
2,"5:19.9","11:36",1,124,133,7,0,183,1,75,188,319.9,"Z1","January"
3,"5:04.5","16:41",1,124,136,3,4,179,1,70,185,304.5,"Z1","January"
4,"5:02.4","21:43",1,131,140,11,3,179,1,74,184,302.4,"Z1","January"
5,"4:44.9","26:28",1,132,137,0,7,179,1,69,183,284.9,"Z1","January"
6,"5:32.4","32:01",1,124,135,0,16,173,1,72,183,332.4,"Z1","January"
7,"5:29.5","37:30",1,131,136,8,7,172,1,76,186,329.5,"Z1","January"
8,"6:41.7","44:12",1,128,142,0,5,156,0,79,205,401.7,"Z1","January"
9,"5:23.9","49:36",1,138,142,12,0,175,1,81,188,323.9,"Z1","January"
10,"3:21.2","52:57",0.63,136,142,0,7,173,1,48,185,201.2,"Z1","January"
1,"5:50.9","5:50.9",1,113,124,5,5,180,0,72,194,350.9,"Z1","January"
2,"5:18.6","11:10",1,125,128,5,0,184,1,73,189,318.6,"Z1","January"
3,"5:09.6","16:19",1,127,137,8,0,180,1,73,187,309.6,"Z1","January"
4,"5:09.8","21:29",1,129,137,9,4,181,1,73,186,309.8,"Z1","January"
5,"4:59.2","26:28",1,128,133,0,8,179,1,67,183,299.2,"Z1","January"
6,"5:13.8","31:42",1,131,136,4,5,180,1,75,185,313.8,"Z1","January"
7,"5:17.9","37:00",1,136,139,5,0,180,1,76,185,317.9,"Z1","January"
8,"5:19.0","42:19",1,134,142,0,5,178,1,74,184,319,"Z1","January"
9,"5:11.6","47:30",1,135,141,5,9,178,1,73,184,311.6,"Z1","January"
10,"5:13.2","52:44",0.93,130,135,0,10,174,1,70,180,313.2,"Z1","January"
1,"5:56.3","5:56.3",1,114,124,12,7,181,0,76,189,356.3,"Z1","January"
2,"5:35.4","11:32",1,124,130,4,0,184,0,77,190,335.4,"Z1","January"
3,"5:13.9","16:46",1,124,133,8,5,180,1,71,186,313.9,"Z1","January"
4,"5:13.3","21:59",1,129,139,9,0,181,1,74,188,313.3,"Z1","January"
5,"4:52.8","26:52",1,129,133,0,8,180,1,69,184,292.8,"Z1","January"
6,"5:12.7","32:04",1,131,136,3,4,181,1,73,185,312.7,"Z1","January"
7,"5:06.4","37:11",1,136,140,8,0,180,1,75,188,306.4,"Z1","January"
8,"5:09.2","42:20",1,131,136,0,11,179,1,70,185,309.2,"Z1","January"
9,"4:55.8","47:16",1,134,138,7,9,179,1,69,184,295.8,"Z1","January"
10,"4:39.4","51:55",1,138,142,0,12,176,1,69,190,279.4,"Z1","January"
11,"0:05.3","52:00",0.01,140,140,0,0,172,0,1,172,5.3,"Z1","January"
1,"6:14.2","6:14.2",1,114,124,4,8,179,0,76,190,374.2,"Z1","January"
2,"5:43.7","11:58",1,121,127,9,0,181,0,76,186,343.7,"Z1","January"
3,"5:15.7","17:14",1,126,132,8,0,179,1,72,183,315.7,"Z1","January"
4,"5:12.0","22:26",1,131,139,11,5,180,1,76,186,312,"Z1","January"
5,"4:54.0","27:20",1,131,134,0,8,179,1,69,182,294,"Z1","January"
6,"5:10.4","32:30",1,133,139,4,4,179,1,74,182,310.4,"Z1","January"
7,"5:15.7","37:46",1,137,141,4,0,179,1,77,185,315.7,"Z1","January"
8,"5:10.8","42:57",1,134,140,0,8,177,1,73,181,310.8,"Z1","January"
9,"5:12.4","48:09",1,136,142,7,9,177,1,74,181,312.4,"Z1","January"
10,"4:55.8","53:05",1,137,142,0,14,175,1,72,181,295.8,"Z1","January"
11,"0:06.8","53:12",0.02,138,138,0,0,173,0,2,174,6.8,"Z1","January"
1,"5:57.8","5:57.8",1,122,144,2,28,176,0,80,188,357.8,"Z1","January"
2,"5:24.1","11:22",1,121,130,0,6,181,1,72,188,324.1,"Z1","January"
3,"5:39.0","17:01",1,128,137,6,6,180,0,80,185,339,"Z1","January"
4,"5:36.1","22:37",1,129,134,6,8,179,1,75,183,336.1,"Z1","January"
5,"5:44.0","28:21",1,127,136,10,9,176,0,76,183,344,"Z1","January"
6,"5:46.5","34:08",1,128,134,5,1,177,0,79,184,346.5,"Z1","January"
7,"5:42.7","39:50",1,137,142,6,0,178,0,82,186,342.7,"Z1","January"
8,"5:49.0","45:39",1,132,143,0,0,175,0,78,184,349,"Z1","January"
9,"5:38.2","51:18",1,140,148,6,0,180,0,84,188,338.2,"Z1","January"
10,"5:36.0","56:54",1,139,149,9,11,177,1,80,185,336,"Z1","January"
11,"2:12.6","59:06",0.36,149,155,15,0,179,0,34,184,132.6,"Z2","January"
1,"5:46.1","5:46.1",1,125,145,3,4,179,0,72,187,346.1,"Z1","January"
2,"5:36.4","11:22",1,132,146,8,10,179,1,80,188,336.4,"Z1","January"
3,"5:56.0","17:19",1,127,142,9,10,172,0,73,193,356,"Z1","January"
4,"5:35.7","22:54",1,131,144,5,2,176,1,77,186,335.7,"Z1","January"
5,"6:25.0","29:19",1,127,139,0,4,149,1,79,188,385,"Z1","January"
6,"1:18.9","30:38",0.23,126,136,11,0,158,1,16,188,78.9,"Z1","January"
7,"2:58.3","33:36",0.81,152,168,0,12,182,1,51,198,178.3,"Z2","January"
8,"3:01.7","36:38",0.82,155,168,8,0,184,1,52,195,181.7,"Z2","January"
9,"2:58.3","39:36",0.81,158,171,0,8,181,1,50,195,178.3,"Z3","January"
10,"3:00.2","42:37",0.81,159,172,11,6,182,1,52,191,180.2,"Z3","January"
11,"3:03.3","45:40",0.81,160,173,3,10,181,1,54,192,183.3,"Z3","January"
12,"3:03.4","48:43",0.82,161,174,8,0,181,1,54,189,183.4,"Z3","January"
13,"0:43.4","49:27",0.22,145,174,0,0,169,1,9,200,43.4,"Z2","January"
14,"1:15.9","50:43",0.2,159,165,0,0,174,0,21,190,75.9,"Z3","January"
15,"0:38.3","51:21",0.18,159,166,0,0,189,1,12,192,38.3,"Z3","January"
16,"1:13.7","52:35",0.21,164,167,0,7,175,0,21,192,73.7,"Z3","January"
17,"0:43.3","53:18",0.22,163,169,0,0,187,1,14,192,43.3,"Z3","January"
18,"1:04.8","54:23",0.18,168,175,0,0,174,0,20,192,64.8,"Z3","January"
19,"0:37.8","55:01",0.18,166,170,9,0,190,1,12,195,37.8,"Z3","January"
20,"1:24.2","56:25",0.24,166,174,0,0,174,0,26,198,84.2,"Z3","January"
1,"6:05.1","6:05.1",1,114,122,9,5,178,0,74,188,365.1,"Z1","January"
2,"5:37.8","11:43",1,125,133,16,19,181,0,80,186,337.8,"Z1","January"
3,"5:45.1","17:28",1,121,133,3,6,177,0,73,187,345.1,"Z1","January"
4,"5:41.1","23:09",1,131,134,13,9,180,0,80,186,341.1,"Z1","January"
5,"5:45.6","28:55",1,136,143,2,0,179,0,85,188,345.6,"Z1","January"
6,"5:46.8","34:42",1,133,139,5,9,175,0,79,184,346.8,"Z1","January"
7,"5:36.4","40:18",1,134,142,4,4,177,1,79,186,336.4,"Z1","January"
8,"5:46.5","46:04",1,134,142,8,9,179,0,79,189,346.5,"Z1","January"
9,"5:31.4","51:36",1,141,146,4,4,179,1,83,187,331.4,"Z1","January"
10,"5:37.4","57:13",1,147,149,10,7,179,0,87,187,337.4,"Z2","January"
11,"2:09.7","59:23",0.39,151,152,0,0,180,0,35,188,129.7,"Z2","January"
1,"6:21.8","6:21.8",1,129,151,0,1,182,0,79,192,381.8,"Z1","January"
2,"6:42.8","13:05",1,130,149,29,19,179,0,80,197,402.8,"Z1","January"
3,"4:53.5","17:58",1,132,137,26,25,181,1,65,186,293.5,"Z1","January"
4,"5:53.3","23:51",1,132,143,10,21,175,0,74,187,353.3,"Z1","January"
5,"5:50.1","29:41",1,130,144,6,6,176,0,78,189,350.1,"Z1","January"
6,"5:39.1","35:21",1,129,134,7,1,177,1,74,186,339.1,"Z1","January"
7,"1:14.4","36:35",0.22,135,144,8,7,177,1,18,195,74.4,"Z1","January"
8,"3:59.7","40:35",1,153,166,0,8,184,1,68,193,239.7,"Z2","January"
9,"0:01.7","40:36",0,165,165,0,0,184,0,NA,184,1.7,"Z3","January"
10,"4:04.4","44:41",1,161,169,2,1,180,1,72,190,244.4,"Z3","January"
11,"4:02.7","48:44",1,162,172,0,1,181,1,72,189,242.7,"Z3","January"
12,"4:06.0","52:50",1,165,173,5,5,180,1,74,190,246,"Z3","January"
13,"0:01.1","52:51",0,172,172,0,0,187,1,0,187,1.1,"Z3","January"
1,"6:07.9","6:07.9",1,128,142,3,0,179,0,77,191,367.9,"Z1","February"
2,"5:28.2","11:36",1,126,132,0,2,177,1,75,189,328.2,"Z1","February"
3,"2:42.3","14:18",0.51,131,136,0,4,181,1,40,190,162.3,"Z1","February"
1,"3:55.7","3:55.7",1,144,158,5,5,183,1,65,198,235.7,"Z1","February"
2,"3:47.5","7:43.2",1,162,166,0,0,186,1,69,189,227.5,"Z3","February"
3,"3:54.4","11:38",1,166,167,6,1,186,1,71,189,234.4,"Z3","February"
4,"3:54.7","15:32",1,167,169,0,7,185,1,72,188,234.7,"Z3","February"
5,"3:41.4","19:14",1,172,175,2,0,186,1,71,189,221.4,"Z3","February"
6,"0:01.2","19:15",0.01,175,175,0,0,186,1,0,186,1.2,"Z3","February"
1,"5:56.3","5:56.3",1,146,152,6,5,177,0,87,183,356.3,"Z2","February"
2,"5:29.4","11:26",1,152,153,0,2,181,1,86,186,329.4,"Z2","February"
3,"2:51.5","14:17",0.51,153,156,0,0,181,1,46,187,171.5,"Z2","February"
1,"5:50.6","5:50.6",1,116,127,1,24,182,0,73,196,350.6,"Z1","February"
2,"5:21.4","11:12",1,127,129,10,7,184,1,76,189,321.4,"Z1","February"
3,"5:08.6","16:21",1,127,130,7,6,182,1,73,187,308.6,"Z1","February"
4,"5:12.9","21:34",1,128,133,12,13,181,1,72,186,312.9,"Z1","February"
5,"5:16.7","26:50",1,130,134,5,0,180,1,72,184,316.7,"Z1","February"
6,"5:28.6","32:19",1,132,135,64,69,180,1,77,185,328.6,"Z1","February"
7,"5:22.7","37:42",1,134,141,12,16,179,1,72,185,322.7,"Z1","February"
8,"5:53.1","43:35",1,134,137,37,17,178,0,78,183,353.1,"Z1","February"
9,"5:21.1","48:56",1,133,139,44,50,174,1,73,181,321.1,"Z1","February"
10,"5:07.7","54:03",1,135,137,14,23,178,1,71,181,307.7,"Z1","February"
11,"5:28.3","59:32",1,134,139,0,0,178,1,73,184,328.3,"Z1","February"
12,"5:41.3","1:05:13",1,134,140,0,0,168,1,76,181,341.3,"Z1","February"
13,"5:31.0","1:10:44",1,132,139,4,3,178,1,72,185,331,"Z1","February"
14,"5:33.7","1:16:18",1,132,136,11,12,177,1,76,181,333.7,"Z1","February"
15,"5:29.6","1:21:47",1,132,136,53,33,174,1,72,183,329.6,"Z1","February"
16,"5:49.8","1:27:37",1,134,138,28,37,177,0,75,185,349.8,"Z1","February"
17,"5:24.6","1:33:02",1,136,140,35,39,177,1,73,182,324.6,"Z1","February"
18,"5:31.8","1:38:34",1,128,136,23,33,175,1,66,186,331.8,"Z1","February"
19,"5:23.9","1:43:57",1,135,137,25,18,179,1,66,184,323.9,"Z1","February"
20,"5:28.1","1:49:25",1,135,141,0,4,177,1,72,181,328.1,"Z1","February"
21,"6:00.1","1:55:26",1,138,142,15,2,175,0,81,180,360.1,"Z1","February"
22,"0:26.3","1:55:52",0.06,137,139,0,0,167,0,5,169,26.3,"Z1","February"
1,"6:03.5","6:03.5",1,119,139,8,8,179,0,80,188,363.5,"Z1","February"
2,"5:33.4","11:37",1,126,130,0,0,180,1,79,184,333.4,"Z1","February"
3,"5:30.6","17:07",1,129,133,4,0,178,1,76,183,330.6,"Z1","February"
4,"5:30.7","22:38",1,131,136,0,0,177,1,76,181,330.7,"Z1","February"
5,"5:37.1","28:15",1,134,138,8,0,177,1,78,183,337.1,"Z1","February"
6,"5:25.1","33:40",1,135,142,0,6,177,1,77,181,325.1,"Z1","February"
7,"5:35.0","39:15",1,137,143,0,2,176,1,78,180,335,"Z1","February"
8,"5:44.6","45:00",1,137,141,0,0,175,1,77,179,344.6,"Z1","February"
9,"5:52.7","50:53",1,138,141,0,6,174,0,79,178,352.7,"Z1","February"
10,"6:08.8","57:02",1,138,143,6,0,171,0,79,179,368.8,"Z1","February"
11,"1:33.2","58:35",0.27,136,139,0,0,175,1,21,181,93.2,"Z1","February"
1,"6:27.4","6:27.4",1,110,123,3,20,173,0,72,187,387.4,"Z1","February"
2,"5:47.2","12:15",1,118,130,0,10,179,0,75,188,347.2,"Z1","February"
3,"6:00.5","18:15",1,120,129,7,6,177,0,77,182,360.5,"Z1","February"
4,"5:58.5","24:14",1,120,126,0,5,177,0,74,181,358.5,"Z1","February"
5,"5:56.5","30:10",1,124,130,5,7,178,0,75,183,356.5,"Z1","February"
6,"5:57.0","36:07",1,125,131,11,3,176,0,76,183,357,"Z1","February"
7,"5:49.0","41:56",1,130,134,5,6,177,0,79,184,349,"Z1","February"
8,"5:49.8","47:46",1,131,136,4,0,177,0,78,185,349.8,"Z1","February"
9,"5:52.8","53:39",1,135,141,15,0,177,0,82,187,352.8,"Z1","February"
10,"5:53.5","59:32",1,133,145,5,17,172,0,76,184,353.5,"Z1","February"
11,"1:51.2","1:01:23",0.28,146,148,19,0,177,0,27,183,111.2,"Z2","February"
1,"6:00.4","6:00.4",1,111,133,4,9,172,0,66,192,360.4,"Z1","February"
2,"5:26.8","11:27",1,120,124,0,7,180,1,74,189,326.8,"Z1","February"
3,"3:23.9","14:51",0.62,117,138,7,7,173,1,41,198,203.9,"Z1","February"
4,"0:37.3","15:28",0.16,133,141,0,0,186,1,11,192,37.3,"Z1","February"
5,"0:52.5","16:21",0.16,143,149,0,0,171,1,12,177,52.5,"Z1","February"
6,"0:35.8","16:57",0.14,140,151,0,0,185,1,9,190,35.8,"Z1","February"
7,"0:53.1","17:50",0.16,151,156,7,7,171,1,15,189,53.1,"Z2","February"
8,"0:36.1","18:26",0.13,143,151,0,0,185,1,10,193,36.1,"Z1","February"
9,"1:45.0","20:11",0.26,133,157,0,0,158,0,22,188,105,"Z1","February"
10,"3:51.6","24:02",1,149,160,1,0,182,1,63,192,231.6,"Z2","February"
11,"2:01.5","26:04",0.51,161,163,0,0,186,1,36,189,121.5,"Z3","February"
12,"3:49.8","29:54",1,154,164,7,7,182,1,63,193,229.8,"Z2","February"
13,"2:01.9","31:56",0.52,165,167,0,0,186,1,37,189,121.9,"Z3","February"
14,"3:47.7","35:43",1,159,169,10,9,182,1,66,190,227.7,"Z3","February"
15,"3:44.6","39:28",1,164,171,0,0,182,1,68,196,224.6,"Z3","February"
16,"5:24.8","44:53",1,141,172,0,1,174,1,67,188,324.8,"Z1","February"
17,"5:32.7","50:25",1,145,155,7,5,176,1,77,188,332.7,"Z2","February"
18,"1:08.5","51:34",0.21,142,145,9,0,158,1,15,182,68.5,"Z1","February"
1,"5:51.0","5:51.0",1,110,127,0,10,172,0,67,192,351,"Z1","February"
2,"5:21.8","11:13",1,126,133,10,3,181,1,77,192,321.8,"Z1","February"
3,"5:49.5","17:02",1,119,125,0,7,174,0,72,185,349.5,"Z1","February"
4,"4:24.2","21:27",0.78,121,128,2,0,173,1,55,182,264.2,"Z1","February"
1,"4:33.8","4:33.8",1,134,144,8,8,182,1,69,196,273.8,"Z1","February"
2,"4:00.5","8:34.3",1,153,158,15,20,185,1,69,189,240.5,"Z2","February"
3,"3:51.9","12:26",1,159,161,0,0,184,1,68,190,231.9,"Z3","February"
4,"3:47.0","16:13",1,163,166,8,5,183,1,69,185,227,"Z3","February"
5,"3:38.8","19:52",1,168,172,0,0,185,1,68,190,218.8,"Z3","February"
6,"0:02.6","19:55",0.01,172,172,0,0,190,1,1,190,2.6,"Z3","February"
1,"5:40.9","5:40.9",1,131,140,14,5,174,1,81,189,340.9,"Z1","February"
2,"5:33.4","11:14",1,134,139,0,9,174,1,78,183,333.4,"Z1","February"
3,"4:47.2","16:01",0.9,131,140,63,24,174,1,63,188,287.2,"Z1","February"
1,"6:23.3","6:23.3",1,121,138,0,21,169,0,81,187,383.3,"Z1","February"
2,"5:37.1","12:00",1,130,147,9,6,178,1,78,187,337.1,"Z1","February"
3,"5:14.2","17:15",1,126,132,0,0,178,1,72,181,314.2,"Z1","February"
4,"5:17.2","22:32",1,130,136,3,4,178,1,74,184,317.2,"Z1","February"
5,"5:19.2","27:51",1,130,135,17,11,178,1,72,185,319.2,"Z1","February"
6,"5:20.9","33:12",1,132,136,47,53,177,1,72,184,320.9,"Z1","February"
7,"5:30.2","38:42",1,135,141,8,7,177,1,79,184,330.2,"Z1","February"
8,"5:38.8","44:21",1,134,136,29,18,177,1,78,185,338.8,"Z1","February"
9,"5:23.1","49:44",1,135,140,47,49,177,1,74,182,323.1,"Z1","February"
10,"5:20.9","55:05",1,131,138,14,21,175,1,72,183,320.9,"Z1","February"
11,"5:25.3","1:00:30",1,136,139,5,5,178,1,75,186,325.3,"Z1","February"
12,"5:31.4","1:06:02",1,137,143,5,9,174,1,76,184,331.4,"Z1","February"
13,"5:21.9","1:11:24",1,136,145,9,5,179,1,74,190,321.9,"Z1","February"
14,"5:33.5","1:16:57",1,134,143,6,5,173,1,74,186,333.5,"Z1","February"
15,"5:18.5","1:22:16",1,137,142,41,20,179,1,76,190,318.5,"Z1","February"
16,"5:59.6","1:28:15",1,140,143,42,56,175,0,77,184,359.6,"Z1","February"
17,"5:24.1","1:33:39",1,139,143,34,36,174,1,71,186,324.1,"Z1","February"
18,"5:40.8","1:39:20",1,135,143,8,16,178,0,79,188,340.8,"Z1","February"
19,"5:48.2","1:45:08",1,138,141,18,15,178,0,74,184,348.2,"Z1","February"
20,"5:34.4","1:50:43",1,140,146,6,11,177,1,78,184,334.4,"Z1","February"
21,"6:05.2","1:56:48",1,140,146,19,7,169,0,78,207,365.2,"Z1","February"
22,"0:18.2","1:57:06",0.05,136,139,0,0,167,0,4,169,18.2,"Z1","February"
1,"6:09.0","6:09.0",1,118,133,25,31,175,0,73,191,369,"Z1","February"
2,"5:32.5","11:41",1,124,128,0,0,181,1,76,186,332.5,"Z1","February"
3,"4:39.5","16:21",0.7,115,131,0,4,144,1,49,192,279.5,"Z1","February"
4,"1:45.8","18:07",0.5,126,154,9,4,178,1,24,205,105.8,"Z1","February"
5,"1:46.1","19:53",0.31,141,154,0,7,175,1,25,181,106.1,"Z1","February"
6,"1:41.7","21:35",0.48,153,166,4,1,186,1,30,189,101.7,"Z2","February"
7,"1:50.1","23:25",0.34,152,165,7,0,175,1,29,183,110.1,"Z2","February"
8,"1:43.5","25:08",0.5,157,167,0,9,186,1,31,190,103.5,"Z2","February"
9,"1:39.4","26:48",0.3,155,167,0,0,174,1,27,185,99.4,"Z2","February"
10,"1:42.9","28:31",0.48,157,168,0,0,185,1,31,188,102.9,"Z2","February"
11,"1:52.0","30:23",0.34,154,170,10,1,174,1,30,181,112,"Z2","February"
12,"1:46.6","32:09",0.51,159,170,0,8,186,1,33,190,106.6,"Z3","February"
13,"1:41.2","33:50",0.31,158,172,0,0,174,1,28,185,101.2,"Z3","February"
14,"1:41.9","35:32",0.48,160,170,0,0,185,1,31,189,101.9,"Z3","February"
15,"1:59.7","37:32",0.34,154,170,10,1,173,0,32,178,119.7,"Z2","February"
16,"1:47.9","39:20",0.5,159,172,0,10,186,1,33,189,107.9,"Z3","February"
17,"1:44.1","41:04",0.31,159,173,0,0,174,1,29,179,104.1,"Z3","February"
18,"1:43.0","42:47",0.48,160,172,3,0,185,1,31,190,103,"Z3","February"
19,"2:03.2","44:50",0.33,148,172,6,0,167,0,31,190,123.2,"Z2","February"
20,"5:55.9","50:46",1,138,145,0,4,173,0,76,180,355.9,"Z1","February"
21,"6:06.2","56:52",1,141,148,5,6,172,0,82,184,366.2,"Z1","February"
22,"3:36.2","1:00:28",0.59,137,147,8,0,171,0,44,184,216.2,"Z1","February"
1,"6:19.6","6:19.6",1,123,140,13,18,178,0,79,192,379.6,"Z1","February"
2,"5:40.8","12:00",1,123,131,0,9,178,0,74,190,340.8,"Z1","February"
3,"5:43.2","17:44",1,124,130,0,8,180,0,76,189,343.2,"Z1","February"
4,"5:44.4","23:28",1,129,139,10,4,175,0,79,185,344.4,"Z1","February"
5,"5:39.6","29:08",1,129,134,7,16,177,1,78,185,339.6,"Z1","February"
6,"5:50.3","34:58",1,132,140,5,5,176,0,79,184,350.3,"Z1","February"
7,"5:38.3","40:36",1,136,142,0,3,176,1,81,183,338.3,"Z1","February"
8,"6:29.3","47:06",1,137,145,28,0,165,0,87,183,389.3,"Z1","February"
9,"1:22.6","48:28",0.19,127,135,0,0,152,0,14,221,82.6,"Z1","February"
1,"6:43.7","6:43.7",1,120,139,9,22,169,0,83,189,403.7,"Z1","February"
2,"5:42.9","12:27",1,122,128,19,10,181,0,74,185,342.9,"Z1","February"
3,"5:54.2","18:21",1,120,124,2,9,178,0,70,183,354.2,"Z1","February"
4,"5:48.9","24:10",1,120,125,8,2,176,0,73,188,348.9,"Z1","February"
5,"2:16.2","26:26",0.17,124,141,10,18,71,1,28,192,136.2,"Z1","February"
6,"3:54.7","30:20",1,144,159,5,0,183,1,61,194,234.7,"Z1","February"
7,"3:51.3","34:12",1,160,163,0,5,186,1,69,190,231.3,"Z3","February"
8,"3:50.2","38:02",1,156,167,1,0,183,1,64,193,230.2,"Z2","February"
9,"3:52.2","41:54",1,168,169,0,0,186,1,72,191,232.2,"Z3","February"
10,"3:52.1","45:46",1,162,172,0,0,186,1,67,194,232.1,"Z3","February"
11,"3:43.7","49:30",1,173,175,0,0,186,1,72,192,223.7,"Z3","February"
12,"6:32.5","56:03",1,143,175,0,0,171,0,84,192,392.5,"Z1","February"
13,"3:55.3","59:58",0.67,147,152,33,21,172,0,54,183,235.3,"Z2","February"
1,"5:44.7","5:44.7",1,116,126,4,6,182,0,73,190,344.7,"Z1","February"
2,"5:21.2","11:06",1,125,131,6,0,184,1,74,187,321.2,"Z1","February"
3,"5:19.1","16:25",1,127,131,19,22,182,1,74,189,319.1,"Z1","February"
4,"5:17.6","21:43",1,127,134,32,31,177,1,69,187,317.6,"Z1","February"
5,"5:05.1","26:48",1,131,138,19,27,181,1,71,187,305.1,"Z1","February"
6,"5:14.5","32:02",1,130,142,8,8,178,1,71,187,314.5,"Z1","February"
7,"5:07.9","37:10",1,132,136,2,0,179,1,70,184,307.9,"Z1","February"
8,"5:13.6","42:24",1,130,137,4,0,176,1,68,184,313.6,"Z1","February"
9,"5:11.3","47:35",1,133,139,7,0,177,1,70,186,311.3,"Z1","February"
10,"5:08.4","52:43",1,132,138,8,12,179,1,73,185,308.4,"Z1","February"
11,"0:16.6","53:00",0.05,133,135,0,0,176,1,4,178,16.6,"Z1","February"
12,"3:59.7","57:00",1,138,152,13,10,185,1,62,196,239.7,"Z1","February"
13,"3:55.9","1:00:56",1,155,160,0,5,185,1,68,190,235.9,"Z2","February"
14,"3:53.5","1:04:49",1,160,163,3,7,186,1,69,190,233.5,"Z3","February"
15,"3:53.1","1:08:42",1,165,169,2,0,185,1,71,188,233.1,"Z3","February"
16,"3:54.1","1:12:36",1,164,166,0,0,183,1,71,189,234.1,"Z3","February"
17,"4:01.1","1:16:37",1,166,169,5,3,183,1,73,188,241.1,"Z3","February"
18,"3:50.3","1:20:28",1,169,171,3,0,184,1,71,188,230.3,"Z3","February"
19,"3:53.0","1:24:21",1,172,174,7,14,185,1,74,188,233,"Z3","February"
20,"5:26.4","1:29:47",1,141,175,11,3,175,1,69,188,326.4,"Z1","February"
21,"5:46.6","1:35:34",1,141,146,4,6,178,0,75,186,346.6,"Z1","February"
22,"5:57.0","1:41:31",1,140,143,0,5,178,0,77,183,357,"Z1","February"
23,"6:19.3","1:47:50",1,136,142,11,12,173,0,78,188,379.3,"Z1","February"
24,"7:01.6","1:54:51",1,134,142,32,26,174,0,68,185,421.6,"Z1","February"
25,"6:01.7","2:00:53",1,137,139,5,12,178,0,82,189,361.7,"Z1","February"
26,"2:24.8","2:03:18",0.33,135,141,9,0,161,0,25,183,144.8,"Z1","February"
1,"6:21.7","6:21.7",1,111,130,5,12,172,0,70,190,381.7,"Z1","February"
2,"5:33.3","11:55",1,118,125,4,3,180,1,70,185,333.3,"Z1","February"
3,"6:33.3","18:28",1,113,129,0,6,152,1,69,188,393.3,"Z1","February"
4,"0:11.0","18:39",0.02,113,120,0,0,160,0,3,188,11,"Z1","February"
5,"0:43.7","19:23",0.22,96,125,6,0,178,1,7,198,43.7,"Z1","February"
6,"0:34.3","19:57",0.16,113,128,0,0,163,1,5,202,34.3,"Z1","February"
7,"0:40.2","20:37",0.18,114,130,0,8,176,1,6,200,40.2,"Z1","February"
8,"0:40.8","21:18",0.2,127,148,0,0,173,1,8,202,40.8,"Z1","February"
9,"1:21.1","22:39",0.41,144,161,1,0,183,1,21,198,81.1,"Z1","February"
10,"1:21.5","24:01",0.4,138,163,0,0,186,1,18,198,81.5,"Z1","February"
11,"1:20.3","25:21",0.41,141,166,0,0,179,1,20,202,80.3,"Z1","February"
12,"1:20.9","26:42",0.42,142,167,0,0,179,1,19,202,80.9,"Z1","February"
13,"1:20.5","28:03",0.41,145,168,0,0,179,1,19,200,80.5,"Z2","February"
14,"1:20.8","29:23",0.41,146,169,0,0,182,1,18,200,80.8,"Z2","February"
15,"1:19.6","30:43",0.4,147,170,0,0,179,1,18,201,79.6,"Z2","February"
16,"1:21.6","32:05",0.41,147,169,10,0,190,1,21,200,81.6,"Z2","February"
17,"5:31.9","37:37",1,133,169,4,8,176,1,72,188,331.9,"Z1","February"
18,"5:33.9","43:10",1,139,145,3,8,176,1,78,186,333.9,"Z1","February"
19,"3:38.1","46:49",0.65,132,138,10,0,171,1,49,186,218.1,"Z1","February"
1,"5:59.0","5:59.0",1,130,152,26,32,179,0,78,191,359,"Z1","February"
2,"5:44.1","11:43",1,123,145,23,28,180,0,76,188,344.1,"Z1","February"
3,"5:24.6","17:08",1,129,135,19,18,179,1,76,185,324.6,"Z1","February"
4,"5:29.9","22:38",1,131,138,3,0,180,1,78,187,329.9,"Z1","February"
5,"5:23.5","28:01",1,130,139,0,7,177,1,74,183,323.5,"Z1","February"
6,"5:34.8","33:36",1,131,136,2,3,178,1,75,184,334.8,"Z1","February"
7,"5:49.3","39:25",1,132,144,14,5,176,0,81,186,349.3,"Z1","February"
8,"5:11.9","44:37",1,136,140,10,13,180,1,73,184,311.9,"Z1","February"
9,"5:20.8","49:58",1,137,140,10,5,179,1,77,189,320.8,"Z1","February"
10,"0:43.4","50:41",0.12,135,137,0,0,175,0,10,181,43.4,"Z1","February"
1,"6:27.0","6:27.0",1,118,138,5,5,180,0,74,192,387,"Z1","February"
2,"5:20.2","11:47",1,127,131,0,0,182,1,75,189,320.2,"Z1","February"
3,"6:14.2","18:01",1,118,133,15,10,170,0,73,189,374.2,"Z1","February"
4,"5:39.7","23:41",1,123,130,0,7,175,1,72,181,339.7,"Z1","February"
5,"3:51.2","27:32",0.64,123,143,13,7,177,0,50,203,231.2,"Z1","February"
6,"3:52.2","31:25",1,142,158,3,6,186,1,62,195,232.2,"Z1","February"
7,"3:52.7","35:17",1,161,163,1,3,186,1,68,190,232.7,"Z3","February"
8,"3:50.5","39:08",1,165,166,0,0,185,1,70,189,230.5,"Z3","February"
9,"3:51.6","42:59",1,156,166,2,0,183,1,64,190,231.6,"Z2","February"
10,"3:47.4","46:47",1,168,170,0,2,185,1,70,189,227.4,"Z3","February"
11,"0:47.9","47:35",0.13,129,170,0,0,168,0,10,190,47.9,"Z1","February"
1,"8:01.5","8:01.5",1,121,143,67,0,172,0,100,184,481.5,"Z1","February"
2,"6:37.3","14:39",1,135,144,48,0,176,0,97,189,397.3,"Z1","February"
3,"6:37.4","21:16",1,126,145,35,7,175,0,83,187,397.4,"Z1","February"
4,"6:21.0","27:37",1,129,142,31,10,180,0,86,190,381,"Z1","February"
5,"5:36.2","33:13",1,131,144,0,15,178,1,79,194,336.2,"Z1","February"
6,"6:10.9","39:24",1,126,135,16,2,180,0,82,194,370.9,"Z1","February"
7,"6:01.6","45:26",1,113,127,0,88,175,0,69,187,361.6,"Z1","February"
8,"6:18.4","51:44",1,108,125,0,74,171,0,55,188,378.4,"Z1","February"
9,"6:05.3","57:50",1,118,138,0,19,176,0,79,184,365.3,"Z1","February"
10,"4:18.2","1:02:08",0.66,120,138,12,0,163,0,58,188,258.2,"Z1","February"
1,"6:21.0","6:21.0",1,112,127,0,15,178,0,75,190,381,"Z1","February"
2,"5:26.4","11:47",1,126,131,13,9,185,0,76,190,326.4,"Z1","February"
3,"4:45.6","16:33",1,130,134,0,0,183,1,70,188,285.6,"Z1","February"
4,"4:47.2","21:20",1,133,139,3,4,180,1,69,200,287.2,"Z1","February"
5,"4:59.9","26:20",1,128,132,3,0,185,1,67,189,299.9,"Z1","February"
6,"5:04.7","31:25",1,132,135,29,32,183,1,72,190,304.7,"Z1","February"
7,"5:24.5","36:49",1,127,138,38,36,179,1,68,189,324.5,"Z1","February"
8,"5:24.0","42:13",1,128,133,27,34,182,1,70,189,324,"Z1","February"
9,"5:01.7","47:15",1,131,138,32,24,183,1,67,191,301.7,"Z1","February"
10,"4:49.9","52:05",1,135,137,3,10,184,1,69,192,289.9,"Z1","February"
11,"4:57.2","57:02",1,137,143,3,0,182,1,72,190,297.2,"Z1","February"
12,"5:17.1","1:02:19",1,129,137,3,6,176,1,68,192,317.1,"Z1","February"
13,"5:32.6","1:07:52",1,129,136,5,0,180,1,86,190,332.6,"Z1","February"
14,"5:22.5","1:13:14",1,127,131,7,5,180,1,81,185,322.5,"Z1","February"
15,"5:20.0","1:18:34",1,129,140,10,8,177,1,76,191,320,"Z1","February"
16,"5:23.4","1:23:58",1,131,138,38,11,180,1,78,190,323.4,"Z1","February"
17,"5:34.2","1:29:32",1,131,134,39,56,181,0,71,186,334.2,"Z1","February"
18,"5:21.1","1:34:53",1,131,134,0,19,180,1,70,186,321.1,"Z1","February"
19,"6:01.5","1:40:55",1,124,131,16,12,173,0,80,190,361.5,"Z1","February"
20,"5:20.1","1:46:15",1,131,136,13,9,182,1,73,187,320.1,"Z1","February"
21,"5:44.7","1:51:59",1,131,138,4,9,179,0,77,186,344.7,"Z1","February"
22,"1:35.8","1:53:35",0.27,130,131,0,0,180,0,26,187,95.8,"Z1","February"
1,"5:34.9","5:34.9",1,137,153,22,39,177,1,79,190,334.9,"Z1","February"
2,"5:19.3","10:54",1,131,153,23,14,180,1,78,190,319.3,"Z1","February"
3,"5:13.0","16:07",1,128,131,31,27,181,1,74,186,313,"Z1","February"
4,"5:12.0","21:19",1,132,141,6,5,181,1,75,190,312,"Z1","February"
5,"5:02.5","26:22",1,132,137,3,10,180,1,72,184,302.5,"Z1","February"
6,"5:14.1","31:36",1,136,139,0,1,179,1,77,187,314.1,"Z1","February"
7,"5:33.4","37:09",1,131,138,4,0,177,1,75,183,333.4,"Z1","February"
8,"5:43.1","42:52",1,128,139,4,4,175,1,71,186,343.1,"Z1","February"
9,"5:26.0","48:18",1,128,147,23,23,175,1,78,188,326,"Z1","February"
10,"5:40.2","53:59",1,127,160,205,209,180,0,79,186,340.2,"Z1","February"
11,"4:05.2","58:04",0.75,128,133,29,15,179,1,56,184,245.2,"Z1","February"
1,"6:16.0","6:16.0",1,117,136,20,33,179,0,79,189,376,"Z1","February"
2,"5:34.3","11:50",1,124,136,20,14,180,1,76,189,334.3,"Z1","February"
3,"5:20.6","17:11",1,128,133,20,17,180,1,76,186,320.6,"Z1","February"
4,"5:13.6","22:25",1,132,140,8,10,179,1,77,187,313.6,"Z1","February"
5,"5:01.4","27:26",1,131,136,0,4,180,1,71,184,301.4,"Z1","February"
6,"5:25.6","32:52",1,133,137,7,2,179,1,78,185,325.6,"Z1","February"
7,"5:34.1","38:26",1,132,142,4,5,175,1,76,188,334.1,"Z1","February"
8,"5:25.0","43:51",1,135,139,8,14,179,1,74,183,325,"Z1","February"
9,"5:27.0","49:18",1,134,139,14,3,178,1,74,186,327,"Z1","February"
10,"2:53.3","52:11",0.47,135,141,15,8,175,0,40,184,173.3,"Z1","February"
1,"6:02.5","6:02.5",0.98,139,155,4,21,175,0,83,190,362.5,"Z1","March"
1,"6:01.0","6:01.0",1,114,126,0,8,180,0,72,189,361,"Z1","March"
2,"5:24.2","11:25",1,125,128,5,0,184,1,75,188,324.2,"Z1","March"
3,"5:32.4","16:58",1,128,134,15,10,180,1,78,188,332.4,"Z1","March"
4,"5:14.7","22:12",1,126,136,7,6,179,1,73,188,314.7,"Z1","March"
5,"5:03.1","27:15",1,126,133,8,11,179,1,69,186,303.1,"Z1","March"
6,"5:01.1","32:17",1,131,136,0,10,179,1,70,186,301.1,"Z1","March"
7,"5:24.9","37:41",1,122,136,10,0,177,1,71,188,324.9,"Z1","March"
8,"5:11.7","42:53",1,128,131,4,4,181,1,68,185,311.7,"Z1","March"
9,"5:23.9","48:17",1,126,129,24,22,180,1,70,187,323.9,"Z1","March"
10,"5:17.7","53:35",1,126,130,24,27,180,1,71,191,317.7,"Z1","March"
11,"2:48.8","56:24",0.51,127,130,7,0,179,1,43,191,168.8,"Z1","March"
12,"4:38.3","1:01:02",1,138,144,28,38,182,1,72,189,278.3,"Z1","March"
13,"4:32.8","1:05:35",1,141,145,5,10,182,1,70,188,272.8,"Z1","March"
14,"4:32.8","1:10:07",1,145,149,7,0,181,1,71,186,272.8,"Z2","March"
15,"5:16.1","1:15:23",1,133,148,4,6,178,1,73,230,316.1,"Z1","March"
16,"5:26.0","1:20:49",1,132,139,14,14,181,1,79,190,326,"Z1","March"
17,"3:22.5","1:24:12",0.64,138,145,10,6,183,1,50,189,202.5,"Z1","March"
18,"4:31.1","1:28:43",1,144,150,3,9,184,1,70,189,271.1,"Z1","March"
19,"4:34.9","1:33:18",1,150,152,0,5,182,1,74,188,274.9,"Z2","March"
20,"4:30.7","1:37:49",1,151,155,57,30,181,1,72,190,270.7,"Z2","March"
21,"5:40.4","1:43:29",1,140,152,48,56,179,0,73,233,340.4,"Z1","March"
22,"5:05.5","1:48:35",1,142,143,22,34,181,1,74,189,305.5,"Z1","March"
23,"5:43.7","1:54:18",1,133,140,33,24,179,0,85,190,343.7,"Z1","March"
24,"5:26.2","1:59:44",1,136,140,4,11,180,1,68,188,326.2,"Z1","March"
25,"4:56.0","2:04:40",0.86,139,143,10,15,178,0,65,186,296,"Z1","March"
1,"5:46.2","5:46.2",1,115,127,139,145,180,0,72,190,346.2,"Z1","March"
2,"5:43.3","11:30",1,129,139,11,15,183,0,83,190,343.3,"Z1","March"
3,"5:06.3","16:36",1,124,134,6,0,181,1,67,185,306.3,"Z1","March"
4,"5:20.8","21:57",1,128,133,0,0,179,1,74,185,320.8,"Z1","March"
5,"4:46.2","26:43",0.71,126,147,4,9,136,1,58,218,286.2,"Z1","March"
6,"0:40.2","27:23",0.19,107,151,7,0,169,1,5,201,40.2,"Z1","March"
7,"1:03.2","28:26",0.19,147,153,0,0,178,1,16,194,63.2,"Z2","March"
8,"0:39.3","29:06",0.2,152,160,0,8,191,1,12,194,39.3,"Z2","March"
9,"1:05.6","30:11",0.21,157,162,0,0,178,1,18,192,65.6,"Z2","March"
10,"0:38.2","30:49",0.2,156,165,0,0,192,1,11,200,38.2,"Z2","March"
11,"1:00.9","31:50",0.19,160,166,0,0,175,1,17,190,60.9,"Z3","March"
12,"0:38.4","32:29",0.2,158,166,10,0,193,1,11,200,38.4,"Z3","March"
13,"1:11.0","33:40",0.21,159,168,0,3,174,1,20,187,71,"Z3","March"
14,"0:02.2","33:42",0.01,142,150,0,0,128,1,1,174,2.2,"Z1","March"
15,"3:47.4","37:29",1,160,170,4,9,184,1,67,192,227.4,"Z3","March"
16,"3:43.5","41:13",1,159,170,14,7,185,1,65,198,223.5,"Z3","March"
17,"3:47.4","45:00",1,165,173,0,10,184,1,67,198,227.4,"Z3","March"
18,"3:44.2","48:44",1,162,173,17,7,183,1,65,193,224.2,"Z3","March"
19,"1:24.6","50:09",0.4,159,173,0,2,180,1,22,202,84.6,"Z3","March"
20,"1:26.6","51:36",0.42,158,173,0,0,177,1,23,196,86.6,"Z3","March"
21,"5:12.3","56:48",1,144,173,0,2,177,1,74,194,312.3,"Z1","March"
22,"5:21.4","1:02:09",1,154,161,13,14,175,1,83,192,321.4,"Z2","March"
23,"2:45.7","1:04:55",0.46,147,155,7,5,174,0,39,190,165.7,"Z2","March"
1,"5:33.8","5:33.8",1,124,145,0,8,184,0,75,194,333.8,"Z1","March"
2,"5:33.5","11:07",1,135,155,6,11,186,0,79,190,333.5,"Z1","March"
3,"5:14.8","16:22",1,128,139,26,9,176,1,72,192,314.8,"Z1","March"
4,"5:06.7","21:29",1,125,134,26,27,182,1,66,189,306.7,"Z1","March"
5,"5:17.9","26:47",1,131,139,29,43,182,1,71,188,317.9,"Z1","March"
6,"5:05.1","31:52",1,133,142,11,6,181,1,72,189,305.1,"Z1","March"
7,"5:04.9","36:57",1,140,143,8,4,183,1,74,188,304.9,"Z1","March"
8,"5:01.2","41:58",1,141,143,7,9,183,1,75,189,301.2,"Z1","March"
9,"5:14.1","47:12",1,137,140,4,9,182,1,74,192,314.1,"Z1","March"
10,"5:27.9","52:40",1,136,140,8,4,179,1,77,189,327.9,"Z1","March"
11,"5:32.1","58:12",1,132,139,0,8,175,1,69,185,332.1,"Z1","March"
12,"5:26.2","1:03:38",1,137,143,4,5,179,1,75,185,326.2,"Z1","March"
13,"5:26.5","1:09:05",1,134,142,15,19,179,1,73,220,326.5,"Z1","March"
14,"5:33.8","1:14:38",1,138,142,73,47,180,1,76,186,333.8,"Z1","March"
15,"5:35.7","1:20:14",1,138,142,28,44,176,1,73,184,335.7,"Z1","March"
16,"5:41.3","1:25:55",1,137,140,13,15,178,0,79,184,341.3,"Z1","March"
17,"5:30.6","1:31:26",1,138,141,3,3,179,1,74,186,330.6,"Z1","March"
18,"5:38.6","1:37:05",1,140,143,2,0,178,1,74,181,338.6,"Z1","March"
19,"1:07.0","1:38:12",0.17,141,143,0,5,173,0,15,180,67,"Z1","March"
1,"6:08.8","6:08.8",1,119,139,6,5,179,0,77,194,368.8,"Z1","March"
2,"5:46.1","11:55",1,126,144,5,3,182,0,76,190,346.1,"Z1","March"
3,"5:38.1","17:33",1,119,126,4,0,183,0,72,189,338.1,"Z1","March"
4,"5:33.0","23:06",1,121,129,0,5,183,0,72,190,333,"Z1","March"
5,"5:29.2","28:35",1,126,130,4,2,182,1,73,190,329.2,"Z1","March"
6,"5:42.2","34:17",1,125,131,7,3,176,1,72,188,342.2,"Z1","March"
7,"5:23.7","39:41",1,129,134,6,4,180,1,74,193,323.7,"Z1","March"
8,"5:30.2","45:11",1,130,136,0,7,180,1,75,187,330.2,"Z1","March"
9,"5:27.7","50:39",1,131,134,11,15,182,1,73,191,327.7,"Z1","March"
10,"5:25.0","56:04",1,132,136,4,0,181,1,74,189,325,"Z1","March"
11,"0:17.1","56:21",0.05,134,135,0,0,178,1,4,181,17.1,"Z1","March"
1,"6:23.3","6:23.3",1,120,141,7,12,179,0,84,192,383.3,"Z1","March"
2,"4:46.7","11:10",1,147,153,4,3,187,1,75,192,286.7,"Z2","March"
3,"4:25.6","15:36",0.81,122,150,2,5,159,1,50,191,265.6,"Z1","March"
4,"1:30.4","17:06",0.41,124,141,9,4,183,1,17,201,90.4,"Z1","March"
5,"1:07.5","18:14",0.2,139,142,0,6,178,1,16,186,67.5,"Z1","March"
6,"1:22.4","19:36",0.39,149,162,11,0,188,1,26,192,82.4,"Z2","March"
7,"1:14.2","20:50",0.22,154,163,0,5,176,1,19,187,74.2,"Z2","March"
8,"1:25.4","22:16",0.41,156,166,3,0,189,1,25,196,85.4,"Z2","March"
9,"1:02.1","23:18",0.2,159,166,0,9,177,1,17,187,62.1,"Z3","March"
10,"1:23.9","24:42",0.39,158,166,12,0,187,1,25,192,83.9,"Z3","March"
11,"1:13.6","25:55",0.22,158,167,0,6,175,1,20,189,73.6,"Z3","March"
12,"1:25.1","27:20",0.4,160,169,1,0,188,1,25,193,85.1,"Z3","March"
13,"1:08.2","28:28",0.2,161,171,0,6,174,1,19,187,68.2,"Z3","March"
14,"1:23.3","29:52",0.39,160,169,11,0,188,1,25,194,83.3,"Z3","March"
15,"1:12.4","31:04",0.22,162,169,0,4,175,1,20,188,72.4,"Z3","March"
16,"1:21.8","32:26",0.4,164,173,0,0,189,1,25,192,81.8,"Z3","March"
17,"5:44.2","38:10",1,131,173,0,0,175,1,70,212,344.2,"Z1","March"
18,"5:47.4","43:58",1,140,143,5,5,178,0,81,187,347.4,"Z1","March"
19,"5:07.6","49:05",0.73,130,146,7,6,158,0,54,228,307.6,"Z1","March"
1,"5:35.9","5:35.9",1,117,125,28,33,182,0,66,218,335.9,"Z1","March"
2,"5:32.2","11:08",1,126,140,22,26,181,1,78,190,332.2,"Z1","March"
3,"5:06.3","16:14",1,129,135,21,14,181,1,72,186,306.3,"Z1","March"
4,"5:13.1","21:28",1,134,139,7,7,179,1,77,189,313.1,"Z1","March"
5,"5:10.8","26:38",1,134,139,0,11,179,1,74,184,310.8,"Z1","March"
6,"5:16.1","31:54",1,137,143,1,0,180,1,76,187,316.1,"Z1","March"
7,"5:59.9","37:54",1,133,142,12,5,176,0,80,186,359.9,"Z1","March"
8,"5:05.0","42:59",1,138,141,0,14,180,1,71,185,305,"Z1","March"
9,"5:29.9","48:29",1,136,140,35,26,179,1,74,186,329.9,"Z1","March"
10,"0:31.1","49:00",0.1,133,135,11,0,177,1,6,179,31.1,"Z1","March"
1,"7:22.0","7:22.0",1,114,136,9,15,150,0,82,190,442,"Z1","March"
2,"5:46.7","13:09",1,123,137,0,8,180,0,76,187,346.7,"Z1","March"
3,"4:46.4","17:55",0.92,114,127,8,5,177,1,60,197,286.4,"Z1","March"
4,"3:49.3","21:44",1,142,159,3,4,187,1,68,198,229.3,"Z1","March"
5,"3:51.6","25:36",1,152,164,0,2,186,1,65,196,231.6,"Z2","March"
6,"3:49.8","29:26",1,156,166,0,1,183,1,64,196,229.8,"Z2","March"
7,"3:47.7","33:14",1,160,168,7,6,185,1,66,197,227.7,"Z3","March"
8,"3:46.9","37:00",1,163,171,0,0,182,1,66,195,226.9,"Z3","March"
9,"3:47.1","40:47",1,166,174,8,7,184,1,68,198,227.1,"Z3","March"
10,"5:36.3","46:24",1,138,173,0,1,172,1,68,187,336.3,"Z1","March"
11,"5:50.7","52:14",1,144,154,19,7,173,0,76,190,350.7,"Z1","March"
12,"17:58","1:10:13",0.97,108,149,5,8,27,2,76,184,1078,"Z1","March"
1,"6:40.8","6:40.8",1,133,148,5,23,179,0,88,190,400.8,"Z1","March"
2,"5:16.1","11:57",1,150,161,0,0,186,1,82,192,316.1,"Z2","March"
3,"5:33.2","17:30",1,119,160,2,4,179,1,69,192,333.2,"Z1","March"
4,"5:32.9","23:03",1,117,127,5,3,183,0,65,187,332.9,"Z1","March"
5,"5:17.4","28:20",1,129,136,11,7,182,1,73,189,317.4,"Z1","March"
6,"5:17.3","33:38",1,129,137,7,4,179,1,70,192,317.3,"Z1","March"
7,"4:42.6","38:20",1,135,140,7,19,183,1,68,187,282.6,"Z1","March"
8,"5:01.6","43:22",1,135,140,2,0,182,1,71,188,301.6,"Z1","March"
9,"5:45.6","49:07",1,120,128,6,0,179,0,67,193,345.6,"Z1","March"
10,"5:41.6","54:49",1,122,126,25,26,180,0,79,188,341.6,"Z1","March"
11,"5:29.3","1:00:18",1,125,140,12,13,182,1,71,190,329.3,"Z1","March"
12,"6:13.7","1:06:32",1,125,142,38,46,174,0,70,189,373.7,"Z1","March"
13,"5:27.2","1:11:59",1,120,130,30,24,181,1,68,188,327.2,"Z1","March"
14,"5:33.0","1:17:32",1,123,125,13,18,183,0,79,191,333,"Z1","March"
15,"5:45.8","1:23:18",1,125,132,5,0,182,0,77,189,345.8,"Z1","March"
16,"5:36.1","1:28:54",1,123,131,5,5,178,1,75,190,336.1,"Z1","March"
17,"5:36.4","1:34:31",1,128,136,3,8,182,0,80,190,336.4,"Z1","March"
18,"5:46.0","1:40:17",1,129,134,7,0,182,0,81,189,346,"Z1","March"
19,"5:33.3","1:45:50",1,127,136,54,62,180,1,74,190,333.3,"Z1","March"
20,"4:42.4","1:50:32",1,141,155,35,35,183,1,66,193,282.4,"Z1","March"
21,"4:56.5","1:55:29",1,148,160,22,9,181,1,76,189,296.5,"Z2","March"
22,"5:33.2","2:01:02",1,140,145,10,9,181,0,78,190,333.2,"Z1","March"
23,"4:30.5","2:05:32",1,153,161,15,20,184,1,75,188,270.5,"Z2","March"
24,"1:09.3","2:06:42",0.24,160,165,0,4,182,1,19,192,69.3,"Z3","March"
1,"7:55.1","7:55.1",0.69,99,132,8,0,91,0,61,208,475.1,"Z1","March"
2,"3:02.0","10:57",0.8,136,154,0,9,183,1,44,198,182,"Z1","March"
3,"2:51.3","13:48",0.81,130,163,10,0,183,1,42,196,171.3,"Z1","March"
4,"2:50.4","16:39",0.81,142,168,0,10,182,1,41,200,170.4,"Z1","March"
5,"2:51.0","19:30",0.82,150,168,9,0,182,1,45,198,171,"Z2","March"
6,"2:57.2","22:27",0.83,151,172,0,2,183,1,48,196,177.2,"Z2","March"
7,"0:41.6","23:09",0.22,131,171,0,0,174,1,9,203,41.6,"Z1","March"
8,"0:41.4","23:50",0.22,144,160,0,0,177,1,11,199,41.4,"Z1","March"
9,"0:42.0","24:32",0.21,148,162,0,0,169,1,11,200,42,"Z2","March"
10,"0:39.8","25:12",0.21,152,166,0,0,169,1,10,204,39.8,"Z2","March"
11,"0:39.8","25:52",0.21,147,166,0,0,181,1,10,200,39.8,"Z2","March"
12,"0:38.5","26:30",0.21,153,164,0,0,191,1,10,207,38.5,"Z2","March"
13,"2:39.5","29:10",0.44,131,167,0,0,164,1,31,200,159.5,"Z1","March"
1,"6:16.8","6:16.8",1,105,122,6,10,172,0,72,192,376.8,"Z1","March"
2,"5:25.4","11:42",1,121,133,0,7,173,1,73,209,325.4,"Z1","March"
3,"3:14.2","14:56",0.65,121,133,5,0,177,1,42,197,194.2,"Z1","March"
4,"3:50.7","18:47",1,138,158,2,6,186,1,65,196,230.7,"Z1","March"
5,"0:41.5","19:29",0.19,159,160,0,0,186,1,12,189,41.5,"Z3","March"
6,"3:49.0","23:18",1,155,163,0,2,183,1,64,194,229,"Z2","March"
7,"0:45.6","24:03",0.19,162,164,0,0,186,1,13,189,45.6,"Z3","March"
8,"3:58.7","28:02",1,156,164,0,0,181,1,67,190,238.7,"Z2","March"
9,"3:54.0","31:56",1,165,167,9,9,184,1,70,189,234,"Z3","March"
10,"3:55.7","35:52",1,161,169,0,0,183,1,68,191,235.7,"Z3","March"
11,"0:47.8","36:39",0.21,169,170,0,0,186,1,15,188,47.8,"Z3","March"
12,"3:50.3","40:30",1,163,170,0,0,182,1,68,192,230.3,"Z3","March"
13,"0:43.9","41:14",0.2,170,172,0,0,186,1,13,189,43.9,"Z3","March"
14,"5:48.6","47:02",1,133,172,0,0,173,1,65,186,348.6,"Z1","March"
15,"6:03.6","53:06",1,139,146,13,6,172,0,75,189,363.6,"Z1","March"
16,"0:46.1","53:52",0.16,140,142,0,0,175,1,10,187,46.1,"Z1","March"
1,"5:30.6","5:30.6",1,122,139,21,38,176,1,72,183,330.6,"Z1","March"
2,"5:25.7","10:56",1,128,139,23,14,176,1,77,183,325.7,"Z1","March"
3,"5:02.6","15:59",1,134,139,24,24,178,1,77,184,302.6,"Z1","March"
4,"5:21.6","21:21",1,137,148,0,8,176,1,77,184,321.6,"Z1","March"
5,"5:05.0","26:26",1,139,141,3,3,177,1,75,181,305,"Z1","March"
6,"5:34.8","32:00",1,140,143,6,0,176,1,80,181,334.8,"Z1","March"
7,"5:40.6","37:41",1,137,145,16,16,173,1,79,183,340.6,"Z1","March"
8,"5:17.4","42:58",1,143,146,4,6,178,1,79,184,317.4,"Z1","March"
9,"5:14.5","48:13",0.92,140,146,18,9,176,1,73,184,314.5,"Z1","March"
1,"5:54.8","5:54.8",1,113,129,0,23,175,0,70,191,354.8,"Z1","March"
2,"5:42.5","11:37",1,130,140,12,6,180,0,83,189,342.5,"Z1","March"
3,"5:28.8","17:06",1,136,148,17,4,181,1,82,188,328.8,"Z1","March"
4,"5:29.1","22:35",1,133,142,8,18,177,1,76,188,329.1,"Z1","March"
5,"3:56.5","26:32",1,136,145,369,397,177,1,56,186,236.5,"Z1","March"
6,"5:16.1","31:48",1,139,145,0,0,178,1,78,185,316.1,"Z1","March"
7,"5:56.7","37:45",1,140,144,9,8,178,0,83,184,356.7,"Z1","March"
8,"5:31.2","43:16",1,132,139,14,13,175,1,76,186,331.2,"Z1","March"
9,"4:54.0","48:10",1,136,148,34,35,179,1,67,187,294,"Z1","March"
10,"5:31.7","53:42",1,139,145,41,15,173,1,76,186,331.7,"Z1","March"
11,"6:11.0","59:53",1,140,147,13,15,178,0,88,188,371,"Z1","March"
12,"5:34.7","1:05:27",1,139,149,0,8,179,1,79,189,334.7,"Z1","March"
13,"6:23.6","1:11:51",1,141,152,41,18,159,0,84,187,383.6,"Z1","March"
14,"0:21.1","1:12:12",0.06,140,143,4,0,175,1,4,178,21.1,"Z1","March"
1,"6:04.3","6:04.3",1,111,124,7,14,176,0,70,191,364.3,"Z1","March"
2,"5:41.5","11:46",1,115,125,0,0,180,0,70,219,341.5,"Z1","March"
3,"5:28.4","17:14",1,122,136,4,0,181,1,72,186,328.4,"Z1","March"
4,"5:43.3","22:57",1,121,135,5,12,177,0,69,192,343.3,"Z1","March"
5,"0:33.0","23:30",0.03,99,124,0,0,46,1,3,175,33,"Z1","March"
6,"20:34","44:04",5,157,169,21,18,184,1,352,192,1234,"Z2","March"
7,"25:19","1:09:23",5,157,166,16,17,179,1,410,186,1519,"Z2","March"
8,"23:49","1:33:12",5,167,179,28,27,180,1,411,189,1429,"Z3","March"
9,"20:03","1:53:15",3.18,148,180,10,13,177,0,250,188,1203,"Z2","March"
1,"17:31","17:31",3.21,128,143,14,16,182,1,244,191,1051,"Z1","March"
2,"5:58.4","23:29",1,115,123,7,6,179,0,69,186,358.4,"Z1","March"
3,"5:37.7","29:07",1,123,126,0,0,181,0,72,188,337.7,"Z1","March"
4,"5:39.8","34:46",1,124,129,9,0,181,0,74,190,339.8,"Z1","March"
5,"5:40.0","40:26",1,124,129,0,7,179,0,75,184,340,"Z1","March"
6,"5:42.2","46:09",1,124,132,3,3,178,0,69,188,342.2,"Z1","March"
7,"5:24.4","51:33",1,128,137,10,5,179,1,70,190,324.4,"Z1","March"
8,"5:22.3","56:55",1,129,134,0,6,180,1,68,188,322.3,"Z1","March"
9,"5:18.6","1:02:14",1,131,135,3,4,181,1,73,188,318.6,"Z1","March"
10,"5:00.8","1:07:15",1,137,142,5,0,180,1,72,185,300.8,"Z1","March"
11,"0:23.6","1:07:38",0.08,140,141,0,0,178,1,6,184,23.6,"Z1","March"
1,"6:42.6","6:42.6",1,114,133,7,18,172,0,77,198,402.6,"Z1","March"
2,"5:40.9","12:24",1,123,127,0,0,183,0,77,189,340.9,"Z1","March"
3,"1:02.5","13:26",0.19,123,126,0,0,180,1,14,189,62.5,"Z1","March"
4,"4:04.4","17:30",1,141,156,0,0,184,1,62,194,244.4,"Z1","March"
5,"3:55.9","21:26",1,157,161,0,0,186,1,68,192,235.9,"Z2","March"
6,"3:57.2","25:24",1,155,164,0,0,182,1,67,192,237.2,"Z2","March"
7,"3:53.9","29:17",1,164,166,0,0,186,1,70,190,233.9,"Z3","March"
8,"3:56.5","33:14",1,158,167,0,0,182,1,67,196,236.5,"Z3","March"
9,"3:50.7","37:05",1,168,169,0,0,186,1,71,189,230.7,"Z3","March"
10,"5:48.0","42:53",1,135,169,6,6,177,0,71,189,348,"Z1","March"
11,"2:30.0","45:23",0.41,138,145,11,0,172,0,31,185,150,"Z1","March"
1,"6:24.6","6:24.6",1,112,129,6,18,181,0,76,190,384.6,"Z1","March"
2,"5:50.9","12:15",1,122,131,9,11,180,0,75,191,350.9,"Z1","March"
3,"5:30.2","17:46",1,127,131,17,21,183,0,77,192,330.2,"Z1","March"
4,"5:43.5","23:29",1,129,137,9,0,183,0,79,192,343.5,"Z1","March"
5,"5:37.3","29:06",1,126,135,7,16,179,0,73,187,337.3,"Z1","March"
6,"5:37.1","34:44",1,129,133,0,6,180,0,76,189,337.1,"Z1","March"
7,"5:42.1","40:26",1,129,134,4,0,180,0,77,185,342.1,"Z1","March"
8,"6:02.8","46:28",1,135,143,26,0,179,0,82,186,362.8,"Z1","March"
9,"0:12.6","46:41",0.04,126,127,0,0,177,1,3,180,12.6,"Z1","March"
1,"6:14.6","6:14.6",1,109,122,0,10,168,0,69,192,374.6,"Z1","March"
2,"5:07.0","11:22",1,126,131,7,0,185,1,72,190,307,"Z1","March"
3,"5:09.4","16:31",1,134,142,14,7,185,1,78,192,309.4,"Z1","March"
4,"4:46.8","21:18",1,133,140,6,20,181,1,71,191,286.8,"Z1","March"
5,"4:53.0","26:11",1,135,139,8,6,183,1,72,188,293,"Z1","March"
6,"5:03.0","31:14",1,137,142,0,0,183,1,76,189,303,"Z1","March"
7,"5:11.4","36:25",1,135,140,9,0,181,1,74,185,311.4,"Z1","March"
8,"4:55.0","41:20",1,135,139,48,56,182,1,69,187,295,"Z1","March"
9,"5:26.2","46:46",1,136,140,15,15,180,1,76,186,326.2,"Z1","March"
10,"5:35.0","52:21",1,133,136,31,17,179,1,76,186,335,"Z1","March"
11,"5:30.3","57:52",1,133,139,54,62,178,1,75,187,330.3,"Z1","March"
12,"5:06.7","1:02:58",1,133,140,40,52,176,1,71,185,306.7,"Z1","March"
13,"5:19.2","1:08:18",1,134,141,4,0,179,1,73,188,319.2,"Z1","March"
14,"5:29.6","1:13:47",1,135,145,0,0,175,1,75,187,329.6,"Z1","March"
15,"5:33.1","1:19:20",1,127,134,0,1,181,0,79,190,333.1,"Z1","March"
16,"5:35.3","1:24:56",1,132,138,1,3,181,0,82,188,335.3,"Z1","March"
17,"5:29.5","1:30:25",1,131,137,32,4,176,1,75,192,329.5,"Z1","March"
18,"5:39.4","1:36:05",1,134,139,23,37,180,0,78,190,339.4,"Z1","March"
19,"5:08.0","1:41:13",1,139,142,19,31,183,1,70,190,308,"Z1","March"
20,"5:33.1","1:46:46",1,130,139,33,36,178,1,78,190,333.1,"Z1","March"
21,"5:14.7","1:52:01",1,138,142,22,15,182,1,79,188,314.7,"Z1","March"
22,"5:23.8","1:57:24",1,142,149,8,15,179,1,76,187,323.8,"Z1","March"
23,"0:01.7","1:57:26",0,141,141,0,0,170,0,0,170,1.7,"Z1","March"
1,"5:54.3","5:54.3",1,114,126,6,10,172,0,72,192,354.3,"Z1","April"
2,"4:52.9","10:47",1,125,128,38,35,186,1,65,191,292.9,"Z1","April"
3,"5:58.3","16:45",1,123,145,20,25,174,0,71,190,358.3,"Z1","April"
4,"5:17.9","22:03",1,123,127,0,0,181,1,68,188,317.9,"Z1","April"
5,"5:09.7","27:13",1,129,134,3,0,181,1,71,187,309.7,"Z1","April"
6,"5:21.6","32:35",1,130,137,9,4,180,1,73,185,321.6,"Z1","April"
7,"7:01.5","39:36",1,117,131,0,7,136,1,69,186,421.5,"Z1","April"
8,"4:12.7","43:49",0.17,97,156,6,0,54,0,22,179,252.7,"Z1","April"
9,"0:55.9","44:45",0.17,143,156,0,8,175,1,14,181,55.9,"Z1","April"
10,"1:21.1","46:06",0.39,148,160,7,0,188,1,23,193,81.1,"Z2","April"
11,"1:10.7","47:17",0.22,153,160,0,0,176,1,19,186,70.7,"Z2","April"
12,"1:24.6","48:41",0.41,155,164,3,0,189,1,25,196,84.6,"Z2","April"
13,"1:00.3","49:42",0.2,162,166,0,8,177,1,17,188,60.3,"Z3","April"
14,"1:21.7","51:03",0.38,160,167,6,0,188,1,24,193,81.7,"Z3","April"
15,"1:09.9","52:13",0.22,161,167,0,0,176,1,19,185,69.9,"Z3","April"
16,"1:26.1","53:39",0.41,161,169,0,0,188,1,26,194,86.1,"Z3","April"
17,"1:02.4","54:42",0.2,164,169,0,8,175,1,18,182,62.4,"Z3","April"
18,"1:20.3","56:02",0.38,163,170,9,0,188,1,24,193,80.3,"Z3","April"
19,"1:15.0","57:17",0.23,162,170,0,0,175,1,21,186,75,"Z3","April"
20,"1:23.9","58:41",0.4,163,172,0,0,188,1,25,192,83.9,"Z3","April"
21,"4:56.8","1:03:38",1,146,173,6,14,175,1,75,188,296.8,"Z2","April"
22,"5:24.6","1:09:02",1,141,149,10,4,175,1,74,184,324.6,"Z1","April"
23,"5:54.1","1:14:56",1,134,139,0,0,176,0,72,184,354.1,"Z1","April"
24,"5:59.6","1:20:56",1,135,145,11,5,170,0,71,189,359.6,"Z1","April"
1,"5:53.6","5:53.6",1,116,130,0,17,174,0,73,220,353.6,"Z1","April"
2,"5:26.9","11:20",1,128,139,0,9,182,1,75,189,326.9,"Z1","April"
3,"5:33.4","16:54",1,128,138,6,7,180,1,77,186,333.4,"Z1","April"
4,"5:24.9","22:19",1,133,136,4,0,180,1,79,187,324.9,"Z1","April"
5,"5:52.0","28:11",1,134,142,18,0,180,0,82,185,352,"Z1","April"
6,"5:30.8","33:42",1,131,139,6,12,178,1,75,186,330.8,"Z1","April"
7,"5:54.7","39:36",1,134,148,20,20,177,0,79,187,354.7,"Z1","April"
8,"5:32.7","45:09",1,132,146,6,16,177,1,77,187,332.7,"Z1","April"
9,"5:40.3","50:49",1,132,137,6,0,178,0,77,186,340.3,"Z1","April"
10,"5:41.2","56:30",1,135,144,13,15,176,1,81,184,341.2,"Z1","April"
11,"2:03.8","58:34",0.33,133,145,17,0,177,0,28,181,123.8,"Z1","April"
1,"6:37.1","6:37.1",1,110,123,16,24,168,0,75,188,397.1,"Z1","April"
2,"5:48.6","12:26",1,123,128,15,15,184,0,75,188,348.6,"Z1","April"
3,"5:55.1","18:21",1,124,139,26,28,176,0,74,185,355.1,"Z1","April"
4,"5:28.9","23:50",1,126,133,0,0,177,1,73,183,328.9,"Z1","April"
5,"1:10.0","25:00",0.19,123,127,0,0,173,0,15,181,70,"Z1","April"
6,"0:29.9","25:30",0.11,106,124,0,0,158,1,3,192,29.9,"Z1","April"
7,"3:59.1","29:29",1,147,156,0,1,186,1,65,192,239.1,"Z2","April"
8,"3:59.9","33:29",1,158,160,2,2,186,1,69,190,239.9,"Z3","April"
9,"3:40.6","37:09",0.92,162,164,0,0,186,1,64,189,220.6,"Z3","April"
10,"3:58.4","41:08",1,155,166,1,0,182,1,65,195,238.4,"Z2","April"
11,"3:57.0","45:05",1,167,169,0,0,186,1,71,189,237,"Z3","April"
12,"3:53.8","48:59",1,169,170,0,1,186,1,72,190,233.8,"Z3","April"
13,"6:12.1","55:11",1,134,169,4,0,172,0,68,189,372.1,"Z1","April"
14,"6:09.3","1:01:20",1,139,142,0,3,175,0,79,181,369.3,"Z1","April"
15,"6:27.2","1:07:47",1,137,145,14,3,169,0,75,185,387.2,"Z1","April"
16,"1:14.8","1:09:02",0.17,133,137,0,3,159,0,15,177,74.8,"Z1","April"
1,"6:09.3","6:09.3",1,116,126,3,6,179,0,73,190,369.3,"Z1","April"
2,"5:29.9","11:39",1,127,134,3,0,184,0,78,190,329.9,"Z1","April"
3,"5:24.2","17:03",1,127,132,4,0,182,1,74,187,324.2,"Z1","April"
4,"5:17.0","22:20",1,127,132,5,5,180,1,73,186,317,"Z1","April"
5,"5:22.8","27:43",1,128,134,4,0,180,1,73,189,322.8,"Z1","April"
6,"2:58.9","30:42",0.53,131,137,2,0,178,1,42,186,178.9,"Z1","April"
7,"4:12.7","34:55",1,149,154,0,7,184,1,70,194,252.7,"Z2","April"
8,"4:15.8","39:11",1,154,157,2,0,183,1,72,188,255.8,"Z2","April"
9,"4:14.0","43:25",1,157,159,6,6,184,1,71,189,254,"Z2","April"
10,"5:21.3","48:46",1,142,158,0,4,177,1,76,184,321.3,"Z1","April"
11,"5:26.5","54:12",1,141,143,0,3,178,1,75,181,326.5,"Z1","April"
12,"5:45.7","59:58",1,132,140,0,2,176,0,74,185,345.7,"Z1","April"
13,"2:47.2","1:02:45",0.5,136,139,7,0,178,1,38,184,167.2,"Z1","April"
1,"5:34.5","5:34.5",1,112,121,5,0,187,0,69,194,334.5,"Z1","April"
2,"5:15.0","10:50",1,121,125,52,59,186,1,68,192,315,"Z1","April"
3,"5:30.2","16:20",1,117,131,65,59,182,1,63,194,330.2,"Z1","April"
4,"5:34.2","21:54",1,123,135,37,24,183,0,67,190,334.2,"Z1","April"
5,"5:11.8","27:06",1,123,129,10,14,182,1,69,190,311.8,"Z1","April"
6,"5:23.7","32:29",1,125,129,13,15,183,1,71,192,323.7,"Z1","April"
7,"5:08.4","37:38",1,126,137,8,20,183,1,69,194,308.4,"Z1","April"
8,"5:12.2","42:50",1,126,128,1,0,183,1,68,187,312.2,"Z1","April"
9,"5:16.1","48:06",1,126,130,7,0,183,1,68,192,316.1,"Z1","April"
10,"5:12.4","53:19",1,129,135,5,3,183,1,69,192,312.4,"Z1","April"
11,"5:11.4","58:30",1,125,138,0,7,180,1,68,192,311.4,"Z1","April"
12,"5:06.1","1:03:36",1,132,140,7,2,182,1,70,188,306.1,"Z1","April"
13,"4:12.1","1:07:48",1,143,163,15,10,184,1,63,196,252.1,"Z1","April"
14,"4:14.4","1:12:03",1,149,162,4,6,186,1,71,194,254.4,"Z2","April"
15,"2:27.9","1:14:30",0.4,133,145,0,5,174,0,31,184,147.9,"Z1","April"
16,"4:07.2","1:18:38",1,150,157,3,0,186,1,69,190,247.2,"Z2","April"
17,"4:17.2","1:22:55",1,153,157,0,7,184,1,71,188,257.2,"Z2","April"
18,"2:48.4","1:25:43",0.51,146,155,8,5,178,1,40,187,168.4,"Z2","April"
19,"4:14.8","1:29:58",1,153,157,0,0,184,1,71,189,254.8,"Z2","April"
20,"4:20.5","1:34:18",1,157,160,5,5,184,1,73,189,260.5,"Z2","April"
21,"6:01.1","1:40:20",1,138,156,2,5,177,0,79,202,361.1,"Z1","April"
22,"5:16.2","1:45:36",1,142,147,0,1,181,1,77,194,316.2,"Z1","April"
23,"6:14.1","1:51:50",1,139,151,14,0,178,0,72,190,374.1,"Z1","April"
24,"5:30.0","1:57:20",1,140,146,0,10,179,1,75,187,330,"Z1","April"
25,"0:37.0","1:57:57",0.09,143,147,0,0,155,0,8,183,37,"Z1","April"
1,"5:32.5","5:32.5",1,120,130,14,16,182,0,72,192,332.5,"Z1","April"
2,"5:16.5","10:49",1,130,135,29,26,185,1,71,189,316.5,"Z1","April"
3,"5:18.9","16:08",1,130,135,4,5,183,1,73,190,318.9,"Z1","April"
4,"5:28.9","21:37",1,132,139,24,36,180,1,74,185,328.9,"Z1","April"
5,"1:16.1","22:53",0.22,133,138,11,0,178,0,17,183,76.1,"Z1","April"
1,"6:09.6","6:09.6",1,121,140,15,8,187,0,76,192,369.6,"Z1","April"
2,"5:39.3","11:49",1,141,155,5,8,182,0,82,192,339.3,"Z1","April"
3,"5:54.4","17:43",1,124,143,0,4,170,1,74,200,354.4,"Z1","April"
4,"5:45.8","23:29",1,118,126,3,5,179,0,71,184,345.8,"Z1","April"
5,"5:22.3","28:51",1,123,129,6,4,182,1,67,188,322.3,"Z1","April"
6,"5:50.4","34:42",1,120,137,5,5,178,0,72,186,350.4,"Z1","April"
7,"5:50.7","40:32",1,119,123,0,0,180,0,74,185,350.7,"Z1","April"
8,"5:54.1","46:27",1,119,126,13,5,177,0,77,186,354.1,"Z1","April"
9,"5:41.8","52:08",1,121,128,0,8,179,0,75,184,341.8,"Z1","April"
10,"5:23.4","57:32",1,124,129,15,9,181,1,70,189,323.4,"Z1","April"
11,"5:19.0","1:02:51",1,128,139,1,5,181,1,72,189,319,"Z1","April"
12,"5:20.4","1:08:11",1,128,130,9,13,181,1,73,186,320.4,"Z1","April"
13,"4:46.7","1:12:58",0.9,131,136,6,5,179,1,66,188,286.7,"Z1","April"
1,"5:38.0","5:38.0",1,122,140,6,14,179,0,65,192,338,"Z1","April"
2,"4:51.5","10:29",1,140,147,78,72,187,1,70,191,291.5,"Z1","April"
3,"5:42.5","16:12",1,134,151,21,29,181,0,76,189,342.5,"Z1","April"
4,"5:26.3","21:38",1,124,128,2,2,180,1,68,184,326.3,"Z1","April"
5,"5:07.1","26:45",1,124,137,16,7,178,1,66,197,307.1,"Z1","April"
6,"0:12.0","26:57",0.03,131,137,0,0,160,0,2,177,12,"Z1","April"
7,"3:51.2","30:49",1,144,159,10,18,183,1,58,194,231.2,"Z1","April"
8,"3:50.6","34:39",1,154,162,0,0,186,1,63,198,230.6,"Z2","April"
9,"3:53.3","38:32",1,152,161,0,0,186,1,63,197,233.3,"Z2","April"
10,"3:52.1","42:25",1,163,165,0,0,187,1,67,193,232.1,"Z3","April"
11,"3:50.0","46:15",1,165,167,0,0,187,1,68,190,230,"Z3","April"
12,"3:46.5","50:01",1,159,168,0,0,184,1,62,193,226.5,"Z3","April"
13,"0:10.2","50:11",0.04,167,167,0,0,187,1,3,187,10.2,"Z3","April"
14,"3:36.3","53:48",1,163,171,0,0,188,1,63,200,216.3,"Z3","April"
15,"4:48.4","58:36",1,145,170,0,0,179,1,65,190,288.4,"Z2","April"
16,"5:08.5","1:03:45",1,147,151,0,0,181,1,76,190,308.5,"Z2","April"
17,"5:43.2","1:09:28",1,135,147,6,6,176,1,69,188,343.2,"Z1","April"
18,"2:24.8","1:11:53",0.39,138,145,9,0,167,0,31,188,144.8,"Z1","April"
1,"6:17.6","6:17.6",1,135,150,4,18,178,0,81,190,377.6,"Z1","April"
2,"5:32.1","11:50",1,129,154,10,13,178,1,75,189,332.1,"Z1","April"
3,"5:23.5","17:13",1,122,130,6,14,180,1,68,186,323.5,"Z1","April"
4,"5:23.3","22:36",1,125,133,3,4,180,1,70,187,323.3,"Z1","April"
5,"3:48.7","26:25",0.74,124,144,7,0,178,1,50,189,228.7,"Z1","April"
6,"4:09.2","30:34",1,145,150,2,7,184,1,67,188,249.2,"Z2","April"
7,"4:11.8","34:46",1,150,153,0,2,182,1,69,188,251.8,"Z2","April"
8,"4:10.5","38:57",1,154,157,0,0,183,1,69,190,250.5,"Z2","April"
9,"4:14.4","43:11",1,157,160,5,4,181,1,71,186,254.4,"Z2","April"
10,"3:28.0","46:39",0.8,155,163,5,0,177,1,55,187,208,"Z2","April"
11,"5:29.8","52:09",1,136,140,4,3,178,1,73,186,329.8,"Z1","April"
12,"5:37.1","57:46",1,137,143,13,0,175,1,76,186,337.1,"Z1","April"
13,"4:11.4","1:01:57",0.7,136,144,15,11,176,0,59,183,251.4,"Z1","April"
1,"7:31.6","7:31.6",1,110,132,3,15,141,0,76,189,451.6,"Z1","April"
2,"5:21.8","12:53",1,122,126,6,0,185,1,72,190,321.8,"Z1","April"
3,"5:28.2","18:21",1,127,139,13,7,183,1,75,192,328.2,"Z1","April"
4,"5:21.3","23:43",1,127,138,7,5,181,1,72,191,321.3,"Z1","April"
5,"5:18.5","29:01",1,131,145,5,8,181,1,73,192,318.5,"Z1","April"
6,"3:03.8","32:05",0.56,129,133,0,8,182,1,42,190,183.8,"Z1","April"
7,"4:08.2","36:13",1,148,154,2,0,188,1,67,193,248.2,"Z2","April"
8,"4:12.1","40:25",1,153,156,5,2,186,1,70,190,252.1,"Z2","April"
9,"2:56.3","43:22",0.52,145,154,8,0,179,0,42,187,176.3,"Z2","April"
10,"4:11.2","47:33",1,149,156,0,9,186,1,68,189,251.2,"Z2","April"
11,"4:17.9","51:51",1,155,157,0,4,186,1,71,189,257.9,"Z2","April"
12,"2:52.4","54:43",0.46,142,157,0,0,176,0,39,189,172.4,"Z1","April"
13,"4:07.8","58:51",1,153,161,1,0,186,1,69,189,247.8,"Z2","April"
14,"4:13.9","1:03:05",1,161,164,3,0,186,1,72,190,253.9,"Z3","April"
15,"4:02.9","1:07:08",0.6,145,163,7,0,173,0,51,186,242.9,"Z2","April"
16,"4:11.0","1:11:19",1,153,161,0,7,184,1,71,189,251,"Z2","April"
17,"4:12.8","1:15:32",1,163,164,1,4,185,1,72,189,252.8,"Z3","April"
18,"5:37.5","1:21:09",1,144,164,10,10,175,1,76,192,337.5,"Z1","April"
19,"6:15.8","1:27:25",1,138,142,0,0,176,0,78,182,375.8,"Z1","April"
20,"6:11.9","1:33:37",1,135,140,5,2,177,0,77,183,371.9,"Z1","April"
21,"6:02.9","1:39:40",1,135,137,0,4,177,0,78,181,362.9,"Z1","April"
22,"5:52.7","1:45:32",1,136,139,0,0,179,0,77,186,352.7,"Z1","April"
23,"6:14.3","1:51:47",1,138,147,10,0,176,0,79,184,374.3,"Z1","April"
24,"6:16.8","1:58:03",1,137,146,6,8,176,0,85,183,376.8,"Z1","April"
25,"5:42.5","2:03:46",1,138,146,0,10,177,0,76,185,342.5,"Z1","April"
26,"5:48.9","2:09:35",1,139,142,5,4,177,0,75,185,348.9,"Z1","April"
27,"3:00.1","2:12:35",0.5,141,142,3,4,176,0,40,180,180.1,"Z1","April"
1,"5:57.1","5:57.1",1,116,128,5,17,178,0,70,189,357.1,"Z1","April"
2,"5:31.2","11:28",1,123,127,0,0,182,0,72,186,331.2,"Z1","April"
3,"5:23.4","16:52",1,126,130,6,2,180,1,70,184,323.4,"Z1","April"
4,"5:15.3","22:07",1,130,135,2,0,179,1,73,184,315.3,"Z1","April"
5,"5:26.6","27:34",1,130,137,4,9,171,1,72,181,326.6,"Z1","April"
6,"2:38.6","30:12",0.41,114,129,0,0,113,1,24,192,158.6,"Z1","April"
7,"1:27.2","31:39",0.41,127,155,6,0,179,1,16,200,87.2,"Z1","April"
8,"1:26.3","33:06",0.41,140,163,0,0,184,1,20,198,86.3,"Z1","April"
9,"3:37.3","36:43",1,155,169,7,8,182,1,60,193,217.3,"Z2","April"
10,"3:41.3","40:24",1,155,169,11,6,181,1,63,189,221.3,"Z2","April"
11,"3:38.3","44:03",1,160,172,0,10,184,1,60,200,218.3,"Z3","April"
12,"3:35.9","47:39",1,159,173,16,7,182,1,59,194,215.9,"Z3","April"
13,"2:10.8","49:49",0.62,156,172,0,8,181,1,33,198,130.8,"Z2","April"
14,"2:10.8","52:00",0.62,160,173,10,3,182,1,36,196,130.8,"Z3","April"
15,"5:41.9","57:42",1,138,173,3,8,174,1,75,185,341.9,"Z1","April"
16,"6:08.4","1:03:50",1,140,146,0,6,173,0,74,180,368.4,"Z1","April"
17,"6:05.7","1:09:56",1,138,142,4,4,176,0,77,183,365.7,"Z1","April"
18,"6:25.7","1:16:22",1,136,143,9,8,176,0,72,183,385.7,"Z1","April"
19,"0:33.5","1:16:55",0.1,131,133,15,0,176,0,8,184,33.5,"Z1","April"
1,"5:45.3","5:45.3",1,113,125,0,17,177,0,66,190,345.3,"Z1","April"
2,"5:22.3","11:08",1,123,131,0,13,170,1,71,189,322.3,"Z1","April"
3,"5:08.2","16:16",1,129,134,1,0,180,1,73,188,308.2,"Z1","April"
4,"5:09.2","21:25",1,130,134,4,0,180,1,73,188,309.2,"Z1","April"
5,"5:17.6","26:43",1,130,134,0,0,178,1,74,185,317.6,"Z1","April"
6,"5:15.3","31:58",1,131,137,7,4,179,1,73,186,315.3,"Z1","April"
7,"5:15.2","37:13",1,134,140,18,0,179,1,73,185,315.2,"Z1","April"
8,"5:31.2","42:44",1,132,141,18,14,172,1,73,182,331.2,"Z1","April"
1,"5:45.2","5:45.2",1,118,134,6,13,180,0,72,189,345.2,"Z1","April"
2,"5:42.7","11:28",1,132,140,90,95,184,0,83,188,342.7,"Z1","April"
3,"5:02.9","16:31",1,134,140,19,19,183,1,71,188,302.9,"Z1","April"
4,"5:17.0","21:48",1,129,135,9,9,179,1,70,184,317,"Z1","April"
5,"5:08.1","26:56",1,125,135,5,5,174,1,69,188,308.1,"Z1","April"
6,"1:57.8","28:54",0.39,118,133,6,5,176,1,23,187,117.8,"Z1","April"
7,"3:55.2","32:49",1,138,155,0,2,184,1,57,194,235.2,"Z1","April"
8,"4:38.0","37:27",1,143,157,3,3,182,1,70,190,278,"Z1","April"
9,"1:00.0","38:27",0.26,156,157,0,0,186,1,17,189,60,"Z2","April"
10,"2:57.8","41:25",0.52,137,156,0,0,176,1,41,182,177.8,"Z1","April"
11,"3:56.8","45:21",1,152,160,7,7,186,1,67,189,236.8,"Z2","April"
12,"2:42.7","48:04",0.51,145,161,0,0,178,1,39,185,162.7,"Z2","April"
13,"3:48.0","51:52",1,156,161,0,0,187,1,65,192,228,"Z2","April"
14,"2:51.6","54:44",0.52,143,161,0,0,176,1,40,183,171.6,"Z1","April"
15,"3:51.9","58:36",1,157,163,0,0,186,1,67,192,231.9,"Z2","April"
16,"2:48.7","1:01:24",0.51,145,163,2,0,177,1,40,186,168.7,"Z2","April"
17,"3:40.8","1:05:05",1,158,167,1,2,187,1,65,192,220.8,"Z3","April"
18,"5:50.7","1:10:56",1,137,167,0,0,172,0,80,189,350.7,"Z1","April"
19,"6:45.3","1:17:41",1,133,140,26,13,177,0,75,206,405.3,"Z1","April"
20,"5:43.6","1:23:25",1,134,137,75,81,179,0,86,187,343.6,"Z1","April"
21,"4:54.0","1:28:19",0.88,134,139,10,5,178,1,65,188,294,"Z1","April"
1,"6:08.4","6:08.4",1,106,123,7,6,176,0,75,186,368.4,"Z1","April"
2,"5:46.1","11:55",1,123,133,12,0,180,0,78,188,346.1,"Z1","April"
3,"5:30.9","17:26",1,124,135,0,12,178,1,73,186,330.9,"Z1","April"
4,"5:27.9","22:53",1,123,130,7,3,178,1,69,186,327.9,"Z1","April"
5,"5:45.1","28:38",1,129,135,14,0,177,0,79,184,345.1,"Z1","April"
6,"5:33.8","34:12",1,131,143,19,17,176,1,76,183,333.8,"Z1","April"
7,"0:02.2","34:15",0,132,132,0,0,165,0,0,166,2.2,"Z1","April"
1,"6:09.2","6:09.2",1,112,127,33,36,177,0,69,189,369.2,"Z1","April"
2,"5:58.9","12:08",1,124,134,89,94,183,0,74,190,358.9,"Z1","April"
3,"5:07.2","17:15",1,125,134,20,16,181,1,67,187,307.2,"Z1","April"
4,"5:28.6","22:44",1,128,136,41,48,179,1,71,184,328.6,"Z1","April"
5,"5:06.4","27:50",1,124,137,23,14,177,1,68,186,306.4,"Z1","April"
6,"5:08.0","32:58",1,128,131,17,19,179,1,68,187,308,"Z1","April"
7,"5:23.1","38:21",1,129,134,9,15,178,1,69,186,323.1,"Z1","April"
8,"4:05.8","42:27",1,142,146,36,36,184,1,62,188,245.8,"Z1","April"
9,"3:41.7","46:09",1,145,148,0,0,182,1,58,187,221.7,"Z2","April"
10,"4:06.7","50:16",1,144,147,9,5,183,1,64,187,246.7,"Z1","April"
11,"5:01.1","55:17",1,135,147,9,14,179,1,69,184,301.1,"Z1","April"
12,"5:10.2","1:00:27",1,132,137,7,4,179,1,74,184,310.2,"Z1","April"
13,"4:19.8","1:04:47",1,142,146,14,7,182,1,66,189,259.8,"Z1","April"
14,"4:19.1","1:09:06",1,147,151,4,7,182,1,68,188,259.1,"Z2","April"
15,"4:15.6","1:13:21",1,152,155,3,11,182,1,70,188,255.6,"Z2","April"
16,"5:40.6","1:19:02",1,132,155,0,0,175,1,77,185,340.6,"Z1","April"
17,"4:14.9","1:23:17",1,145,152,0,0,185,1,67,193,254.9,"Z2","April"
18,"4:02.9","1:27:20",1,154,157,5,0,185,1,66,190,242.9,"Z2","April"
19,"4:11.0","1:31:31",1,155,158,2,0,183,1,69,188,251,"Z2","April"
20,"5:46.1","1:37:17",1,136,155,0,4,173,1,78,182,346.1,"Z1","April"
21,"6:00.3","1:43:17",1,128,133,2,1,174,0,77,183,360.3,"Z1","April"
22,"5:35.3","1:48:53",1,129,133,10,3,176,1,81,183,335.3,"Z1","April"
23,"5:34.0","1:54:27",1,130,137,0,9,177,1,81,185,334,"Z1","April"
24,"5:29.2","1:59:56",1,132,138,1,0,177,1,75,186,329.2,"Z1","April"
25,"6:02.0","2:05:58",1,131,137,8,11,174,0,80,183,362,"Z1","April"
26,"5:39.5","2:11:37",1,133,138,18,11,174,1,75,186,339.5,"Z1","April"
27,"0:06.7","2:11:44",0.02,129,130,0,0,173,1,2,177,6.7,"Z1","April"
1,"5:47.5","5:47.5",1,115,129,5,19,181,0,70,192,347.5,"Z1","April"
2,"5:13.5","11:01",1,125,134,10,13,182,1,71,192,313.5,"Z1","April"
3,"5:17.6","16:19",1,127,132,12,5,180,1,71,185,317.6,"Z1","April"
4,"5:24.7","21:43",1,130,142,11,9,180,1,74,185,324.7,"Z1","April"
5,"5:09.5","26:53",1,133,142,18,20,178,1,73,188,309.5,"Z1","April"
6,"4:12.2","31:05",1,145,152,0,7,183,1,67,188,252.2,"Z2","April"
7,"4:12.5","35:17",1,152,155,0,8,184,1,69,190,252.5,"Z2","April"
8,"4:06.4","39:24",1,157,160,8,8,182,1,69,187,246.4,"Z2","April"
9,"4:08.8","43:32",1,158,163,14,11,182,1,71,188,248.8,"Z3","April"
10,"4:13.7","47:46",1,161,164,0,7,183,1,73,190,253.7,"Z3","April"
11,"7:47.4","55:34",1,122,163,5,3,134,0,69,185,467.4,"Z1","April"
12,"10:00","1:05:34",1,100,113,10,7,118,0,69,125,600,"Z1","April"
13,"8:30.6","1:14:05",1,100,130,0,0,132,0,68,189,510.6,"Z1","April"
14,"5:43.1","1:19:48",1,133,139,19,0,182,0,79,191,343.1,"Z1","April"
15,"5:38.2","1:25:26",1,133,142,20,14,178,1,77,184,338.2,"Z1","April"
16,"0:23.8","1:25:50",0.07,138,139,0,0,174,0,5,180,23.8,"Z1","April"
1,"6:21.9","6:21.9",1,118,135,24,35,181,0,77,189,381.9,"Z1","April"
2,"5:17.1","11:39",1,123,134,19,15,179,1,71,187,317.1,"Z1","April"
3,"5:10.4","16:49",1,127,130,19,18,181,1,69,188,310.4,"Z1","April"
4,"5:02.1","21:51",1,131,140,4,13,180,1,70,187,302.1,"Z1","April"
5,"4:15.3","26:07",1,147,152,11,12,186,1,69,189,255.3,"Z2","April"
6,"4:09.2","30:16",1,152,154,0,0,183,1,69,190,249.2,"Z2","April"
7,"1:55.1","32:11",0.36,142,154,8,7,177,1,29,182,115.1,"Z1","April"
8,"4:06.8","36:18",1,151,157,0,0,185,1,68,192,246.8,"Z2","April"
9,"4:13.2","40:31",1,155,157,9,9,184,1,71,188,253.2,"Z2","April"
10,"3:36.3","44:07",0.64,137,155,0,0,175,1,45,182,216.3,"Z1","April"
11,"4:08.9","48:16",1,152,158,0,0,185,1,68,190,248.9,"Z2","April"
12,"4:10.6","52:27",1,157,159,0,0,183,1,71,189,250.6,"Z2","April"
13,"6:18.6","58:46",1,135,155,6,6,175,0,78,182,378.6,"Z1","April"
14,"6:28.3","1:05:14",1,131,140,26,22,177,0,75,195,388.3,"Z1","April"
15,"5:43.0","1:10:57",1,132,139,12,9,177,0,76,184,343,"Z1","April"
16,"1:18.2","1:12:15",0.18,137,144,6,0,173,0,17,181,78.2,"Z1","April"
1,"6:10.8","6:10.8",1,112,131,14,18,183,0,74,190,370.8,"Z1","April"
2,"5:25.8","11:37",1,119,128,0,9,184,1,70,192,325.8,"Z1","April"
3,"5:22.3","16:59",1,121,127,4,10,182,1,69,190,322.3,"Z1","April"
4,"5:35.8","22:35",1,122,130,8,0,182,0,72,187,335.8,"Z1","April"
5,"5:29.7","28:04",1,119,134,7,17,180,1,66,189,329.7,"Z1","April"
6,"6:42.5","34:47",1,106,123,0,8,159,0,64,191,402.5,"Z1","April"
7,"5:35.1","40:22",1,120,127,7,0,181,0,70,189,335.1,"Z1","April"
8,"5:29.0","45:51",1,121,128,0,7,181,1,68,188,329,"Z1","April"
9,"5:44.4","51:35",1,117,124,0,0,177,0,71,187,344.4,"Z1","April"
10,"5:21.8","56:57",1,122,128,4,2,181,1,68,189,321.8,"Z1","April"
11,"5:29.4","1:02:27",1,127,134,7,1,182,1,73,188,329.4,"Z1","April"
12,"5:47.3","1:08:14",1,129,142,23,0,177,0,78,186,347.3,"Z1","April"
13,"0:14.4","1:08:28",0.04,125,125,0,0,175,0,4,183,14.4,"Z1","April"
1,"5:40.6","5:40.6",1,113,131,5,12,177,1,66,194,340.6,"Z1","April"
2,"5:03.8","10:44",1,118,122,0,7,184,1,66,189,303.8,"Z1","April"
3,"2:26.5","13:11",0.48,107,128,0,0,179,1,25,200,146.5,"Z1","April"
4,"0:55.3","14:06",0.17,132,144,9,9,174,1,13,190,55.3,"Z1","April"
5,"0:33.9","14:40",0.16,141,154,0,0,193,1,9,200,33.9,"Z1","April"
6,"0:53.5","15:34",0.18,151,156,8,8,172,1,14,196,53.5,"Z2","April"
7,"0:36.0","16:10",0.16,148,159,0,0,189,1,10,195,36,"Z2","April"
8,"0:52.4","17:02",0.18,155,159,9,9,173,1,15,190,52.4,"Z2","April"
9,"0:35.3","17:37",0.16,148,159,0,0,189,1,10,198,35.3,"Z2","April"
10,"0:52.9","18:30",0.18,158,163,9,9,173,1,15,195,52.9,"Z3","April"
11,"0:35.4","19:06",0.16,150,160,0,0,191,1,10,198,35.4,"Z2","April"
12,"0:51.0","19:57",0.17,160,166,9,9,172,1,15,194,51,"Z3","April"
13,"0:35.3","20:32",0.15,154,164,0,0,191,1,10,198,35.3,"Z2","April"
14,"4:15.9","24:48",1,147,167,9,9,179,1,67,194,255.9,"Z2","April"
15,"1:52.0","26:40",0.5,163,166,10,10,186,1,33,192,112,"Z3","April"
16,"3:48.0","30:28",1,158,166,0,0,183,1,65,192,228,"Z3","April"
17,"0:45.9","31:14",0.2,166,166,0,0,186,1,14,187,45.9,"Z3","April"
18,"3:47.2","35:01",1,160,167,1,0,185,1,66,196,227.2,"Z3","April"
19,"0:50.0","35:51",0.22,167,167,0,0,186,1,15,189,50,"Z3","April"
20,"3:48.4","39:39",1,161,167,0,2,183,1,66,194,228.4,"Z3","April"
21,"0:47.5","40:27",0.21,168,169,0,0,186,1,14,189,47.5,"Z3","April"
22,"5:29.7","45:57",1,140,169,7,7,171,1,74,184,329.7,"Z1","April"
23,"5:25.6","51:22",1,140,143,1,0,177,1,74,181,325.6,"Z1","April"
24,"5:58.5","57:21",1,129,143,7,5,174,0,67,189,358.5,"Z1","April"
25,"2:16.3","59:37",0.37,134,140,10,0,172,0,31,184,136.3,"Z1","April"
1,"5:58.9","5:58.9",1,114,128,11,16,177,0,73,190,358.9,"Z1","April"
2,"4:53.9","10:53",1,128,133,50,42,185,1,68,189,293.9,"Z1","April"
3,"5:16.8","16:10",1,128,133,12,16,183,1,73,189,316.8,"Z1","April"
4,"5:16.0","21:26",1,127,133,25,34,180,1,70,186,316,"Z1","April"
5,"5:10.8","26:36",1,129,140,22,14,179,1,69,187,310.8,"Z1","April"
6,"5:09.6","31:46",1,132,136,31,29,179,1,71,185,309.6,"Z1","April"
7,"5:09.7","36:56",1,135,144,7,5,179,1,72,187,309.7,"Z1","April"
8,"4:11.9","41:08",1,146,152,0,6,184,1,67,190,251.9,"Z2","April"
9,"4:17.0","45:25",1,152,155,0,0,183,1,69,188,257,"Z2","April"
10,"4:12.1","49:37",1,156,160,6,2,183,1,69,187,252.1,"Z2","April"
11,"4:10.7","53:47",1,158,161,4,9,182,1,69,189,250.7,"Z3","April"
12,"4:13.5","58:01",1,160,164,15,7,183,1,71,188,253.5,"Z3","April"
13,"4:10.8","1:02:12",1,161,163,0,5,182,1,71,187,250.8,"Z3","April"
14,"5:44.6","1:07:56",1,145,162,0,5,175,0,80,187,344.6,"Z2","April"
15,"6:01.4","1:13:58",1,137,141,6,0,175,0,72,182,361.4,"Z1","April"
16,"0:01.3","1:13:59",0,134,134,0,0,0,NA,0,0,1.3,"Z1","April"
